kind,list,code,headings,primary_location,second_source,problem
sample,9903.88.01 List 1,84101300,9903.88.01 +25% (CN),"HTS 2026 Rev. 20 ch. 99 PDF p. 262 (99-III-90), U.S. note 20(b)",USITC China Tariffs,
sample,9903.88.01 List 1,84287000,9903.88.01 +25% (CN),"HTS 2026 Rev. 20 ch. 99 PDF p. 262 (99-III-90), U.S. note 20(b)",USITC China Tariffs,
sample,9903.88.01 List 1,84291900,9903.88.01 +25% (CN),"HTS 2026 Rev. 20 ch. 99 PDF p. 262 (99-III-90), U.S. note 20(b)",USITC China Tariffs,
sample,9903.88.01 List 1,84362100,9903.88.01 +25% (CN),"HTS 2026 Rev. 20 ch. 99 PDF p. 262 (99-III-90), U.S. note 20(b)",USITC China Tariffs,
sample,9903.88.01 List 1,84561170,9903.88.01 +25% (CN),"HTS 2026 Rev. 20 ch. 99 PDF p. 262 (99-III-90), U.S. note 20(b)",USITC China Tariffs,
sample,9903.88.01 List 1,84591000,9903.88.01 +25% (CN),"HTS 2026 Rev. 20 ch. 99 PDF p. 263 (99-III-91), U.S. note 20(b)",USITC China Tariffs,
sample,9903.88.01 List 1,84639000,9903.88.01 +25% (CN),"HTS 2026 Rev. 20 ch. 99 PDF p. 263 (99-III-91), U.S. note 20(b)",USITC China Tariffs,
sample,9903.88.01 List 1,84649001,9903.88.01 +25% (CN),"HTS 2026 Rev. 20 ch. 99 PDF p. 263 (99-III-91), U.S. note 20(b)",USITC China Tariffs,
sample,9903.88.01 List 1,84659300,9903.88.01 +25% (CN),"HTS 2026 Rev. 20 ch. 99 PDF p. 263 (99-III-91), U.S. note 20(b)",USITC China Tariffs,
sample,9903.88.01 List 1,84669440,9903.88.01 +25% (CN),"HTS 2026 Rev. 20 ch. 99 PDF p. 263 (99-III-91), U.S. note 20(b)",USITC China Tariffs,
sample,9903.88.01 List 1,84742000,9903.88.01 +25% (CN),"HTS 2026 Rev. 20 ch. 99 PDF p. 263 (99-III-91), U.S. note 20(b)",USITC China Tariffs,
sample,9903.88.01 List 1,84759010,9903.88.01 +25% (CN),"HTS 2026 Rev. 20 ch. 99 PDF p. 263 (99-III-91), U.S. note 20(b)",USITC China Tariffs,
sample,9903.88.01 List 1,84833040,9903.88.01 +25% (CN),"HTS 2026 Rev. 20 ch. 99 PDF p. 263 (99-III-91), U.S. note 20(b)",USITC China Tariffs,
sample,9903.88.01 List 1,84839080,9903.88.01 +25% (CN),"HTS 2026 Rev. 20 ch. 99 PDF p. 263 (99-III-91), U.S. note 20(b)",USITC China Tariffs,
sample,9903.88.01 List 1,84859010,9903.88.01 +25% (CN),"HTS 2026 Rev. 20 ch. 99 PDF p. 263 (99-III-91), U.S. note 20(b)",USITC China Tariffs,
sample,9903.88.01 List 1,85015380,9903.88.01 +25% (CN),"HTS 2026 Rev. 20 ch. 99 PDF p. 263 (99-III-91), U.S. note 20(b)",USITC China Tariffs,
sample,9903.88.01 List 1,85021100,9903.88.01 +25% (CN),"HTS 2026 Rev. 20 ch. 99 PDF p. 263 (99-III-91), U.S. note 20(b)",USITC China Tariffs,
sample,9903.88.01 List 1,85049075,9903.88.01 +25% (CN),"HTS 2026 Rev. 20 ch. 99 PDF p. 263 (99-III-91), U.S. note 20(b)",USITC China Tariffs,
sample,9903.88.01 List 1,85291040,9903.88.01 +25% (CN),"HTS 2026 Rev. 20 ch. 99 PDF p. 264 (99-III-92), U.S. note 20(b)",USITC China Tariffs,
sample,9903.88.01 List 1,85321000,9903.88.01 +25% (CN),"HTS 2026 Rev. 20 ch. 99 PDF p. 264 (99-III-92), U.S. note 20(b)",USITC China Tariffs,
sample,9903.88.01 List 1,90112040,9903.88.01 +25% (CN),"HTS 2026 Rev. 20 ch. 99 PDF p. 264 (99-III-92), U.S. note 20(b)",USITC China Tariffs,
sample,9903.88.01 List 1,90181160,9903.88.01 +25% (CN),"HTS 2026 Rev. 20 ch. 99 PDF p. 264 (99-III-92), U.S. note 20(b)",USITC China Tariffs,
sample,9903.88.01 List 1,90181995,9903.88.01 +25% (CN),"HTS 2026 Rev. 20 ch. 99 PDF p. 264 (99-III-92), U.S. note 20(b)",USITC China Tariffs,
sample,9903.88.01 List 1,90189030,9903.88.01 +25% (CN),"HTS 2026 Rev. 20 ch. 99 PDF p. 264 (99-III-92), U.S. note 20(b)",USITC China Tariffs,
sample,9903.88.01 List 1,90328960,9903.88.01 +25% (CN),"HTS 2026 Rev. 20 ch. 99 PDF p. 265 (99-III-93), U.S. note 20(b)",USITC China Tariffs,
sample,9903.88.02 List 2,27101935,9903.88.02 +25% (CN),"HTS 2026 Rev. 20 ch. 99 PDF p. 267 (99-III-95), U.S. note 20(d)",USITC China Tariffs,
sample,9903.88.02 List 2,39022010,9903.88.02 +25% (CN),"HTS 2026 Rev. 20 ch. 99 PDF p. 267 (99-III-95), U.S. note 20(d)",USITC China Tariffs,
sample,9903.88.02 List 2,39043060,9903.88.02 +25% (CN),"HTS 2026 Rev. 20 ch. 99 PDF p. 267 (99-III-95), U.S. note 20(d)",USITC China Tariffs,
sample,9903.88.02 List 2,39045000,9903.88.02 +25% (CN),"HTS 2026 Rev. 20 ch. 99 PDF p. 267 (99-III-95), U.S. note 20(d)",USITC China Tariffs,
sample,9903.88.02 List 2,39069010,9903.88.02 +25% (CN),"HTS 2026 Rev. 20 ch. 99 PDF p. 267 (99-III-95), U.S. note 20(d)",USITC China Tariffs,
sample,9903.88.02 List 2,39069050,9903.88.02 +25% (CN),"HTS 2026 Rev. 20 ch. 99 PDF p. 267 (99-III-95), U.S. note 20(d)",USITC China Tariffs,
sample,9903.88.02 List 2,39094000,9903.88.02 +25% (CN),"HTS 2026 Rev. 20 ch. 99 PDF p. 267 (99-III-95), U.S. note 20(d)",USITC China Tariffs,
sample,9903.88.02 List 2,39095020,9903.88.02 +25% (CN),"HTS 2026 Rev. 20 ch. 99 PDF p. 267 (99-III-95), U.S. note 20(d)",USITC China Tariffs,
sample,9903.88.02 List 2,39139010,9903.88.02 +25% (CN),"HTS 2026 Rev. 20 ch. 99 PDF p. 267 (99-III-95), U.S. note 20(d)",USITC China Tariffs,
sample,9903.88.02 List 2,39172300,9903.88.02 +25% (CN),"HTS 2026 Rev. 20 ch. 99 PDF p. 267 (99-III-95), U.S. note 20(d)",USITC China Tariffs,
sample,9903.88.02 List 2,39173200,9903.88.02 +25% (CN),"HTS 2026 Rev. 20 ch. 99 PDF p. 267 (99-III-95), U.S. note 20(d)",USITC China Tariffs,
sample,9903.88.02 List 2,39202000,9903.88.02 +25% (CN),"HTS 2026 Rev. 20 ch. 99 PDF p. 267 (99-III-95), U.S. note 20(d)",USITC China Tariffs,
sample,9903.88.02 List 2,39204900,9903.88.02 +25% (CN),"HTS 2026 Rev. 20 ch. 99 PDF p. 267 (99-III-95), U.S. note 20(d)",USITC China Tariffs,
sample,9903.88.02 List 2,39209100,9903.88.02 +25% (CN),"HTS 2026 Rev. 20 ch. 99 PDF p. 267 (99-III-95), U.S. note 20(d)",USITC China Tariffs,
sample,9903.88.02 List 2,39209400,9903.88.02 +25% (CN),"HTS 2026 Rev. 20 ch. 99 PDF p. 267 (99-III-95), U.S. note 20(d)",USITC China Tariffs,
sample,9903.88.02 List 2,39219021,9903.88.02 +25% (CN),"HTS 2026 Rev. 20 ch. 99 PDF p. 267 (99-III-95), U.S. note 20(d)",USITC China Tariffs,
sample,9903.88.02 List 2,73082000,9903.88.02 +25% (CN),"HTS 2026 Rev. 20 ch. 99 PDF p. 267 (99-III-95), U.S. note 20(d)",USITC China Tariffs,
sample,9903.88.02 List 2,84752900,9903.88.02 +25% (CN),"HTS 2026 Rev. 20 ch. 99 PDF p. 267 (99-III-95), U.S. note 20(d)",USITC China Tariffs,
sample,9903.88.02 List 2,85118040,9903.88.02 +25% (CN),"HTS 2026 Rev. 20 ch. 99 PDF p. 267 (99-III-95), U.S. note 20(d)",USITC China Tariffs,
sample,9903.88.02 List 2,85119040,9903.88.02 +25% (CN),"HTS 2026 Rev. 20 ch. 99 PDF p. 267 (99-III-95), U.S. note 20(d)",USITC China Tariffs,
sample,9903.88.02 List 2,86069100,9903.88.02 +25% (CN),"HTS 2026 Rev. 20 ch. 99 PDF p. 267 (99-III-95), U.S. note 20(d)",USITC China Tariffs,
sample,9903.88.02 List 2,87012900,9903.88.02 +25% (CN),"HTS 2026 Rev. 20 ch. 99 PDF p. 267 (99-III-95), U.S. note 20(d)",USITC China Tariffs,
sample,9903.88.02 List 2,87019550,9903.88.02 +25% (CN),"HTS 2026 Rev. 20 ch. 99 PDF p. 267 (99-III-95), U.S. note 20(d)",USITC China Tariffs,
sample,9903.88.02 List 2,90012000,9903.88.02 +25% (CN),"HTS 2026 Rev. 20 ch. 99 PDF p. 268 (99-III-96), U.S. note 20(d)",USITC China Tariffs,
sample,9903.88.02 List 2,90292040,9903.88.02 +25% (CN),"HTS 2026 Rev. 20 ch. 99 PDF p. 268 (99-III-96), U.S. note 20(d)",USITC China Tariffs,
sample,9903.88.03 List 3,08111000,9903.88.03 +25% (CN),"HTS 2026 Rev. 20 ch. 99 PDF p. 271 (99-III-99), U.S. note 20(f)",USITC China Tariffs,
sample,9903.88.03 List 3,11081400,9903.88.03 +25% (CN),"HTS 2026 Rev. 20 ch. 99 PDF p. 272 (99-III-100), U.S. note 20(f)",USITC China Tariffs,
sample,9903.88.03 List 3,12114000,9903.88.03 +25% (CN),"HTS 2026 Rev. 20 ch. 99 PDF p. 272 (99-III-100), U.S. note 20(f)",USITC China Tariffs,
sample,9903.88.03 List 3,16042010,9903.88.03 +25% (CN),"HTS 2026 Rev. 20 ch. 99 PDF p. 272 (99-III-100), U.S. note 20(f)",USITC China Tariffs,
sample,9903.88.03 List 3,20085020,9903.88.03 +25% (CN),"HTS 2026 Rev. 20 ch. 99 PDF p. 273 (99-III-101), U.S. note 20(f)",USITC China Tariffs,
sample,9903.88.03 List 3,27079955,9903.88.03 +25% (CN),"HTS 2026 Rev. 20 ch. 99 PDF p. 274 (99-III-102), U.S. note 20(f)",USITC China Tariffs,
sample,9903.88.03 List 3,29029020,9903.88.03 +25% (CN),"HTS 2026 Rev. 20 ch. 99 PDF p. 275 (99-III-103), U.S. note 20(f)",USITC China Tariffs,
sample,9903.88.03 List 3,37029700,9903.88.03 +25% (CN),"HTS 2026 Rev. 20 ch. 99 PDF p. 278 (99-III-106), U.S. note 20(f)",USITC China Tariffs,
sample,9903.88.03 List 3,38061000,9903.88.03 +25% (CN),"HTS 2026 Rev. 20 ch. 99 PDF p. 278 (99-III-106), U.S. note 20(f)",USITC China Tariffs,
sample,9903.88.03 List 3,38140020,9903.88.03 +25% (CN),"HTS 2026 Rev. 20 ch. 99 PDF p. 279 (99-III-107), U.S. note 20(f)",USITC China Tariffs,
sample,9903.88.03 List 3,42021100,9903.88.03 +25% (CN),"HTS 2026 Rev. 20 ch. 99 PDF p. 280 (99-III-108), U.S. note 20(f)",USITC China Tariffs,
sample,9903.88.03 List 3,42032915,9903.88.03 +25% (CN),"HTS 2026 Rev. 20 ch. 99 PDF p. 280 (99-III-108), U.S. note 20(f)",USITC China Tariffs,
sample,9903.88.03 List 3,44039800,9903.88.03 +25% (CN),"HTS 2026 Rev. 20 ch. 99 PDF p. 280 (99-III-108), U.S. note 20(f)",USITC China Tariffs,
sample,9903.88.03 List 3,52122160,9903.88.03 +25% (CN),"HTS 2026 Rev. 20 ch. 99 PDF p. 284 (99-III-112), U.S. note 20(f)",USITC China Tariffs,
sample,9903.88.03 List 3,55151305,9903.88.03 +25% (CN),"HTS 2026 Rev. 20 ch. 99 PDF p. 285 (99-III-113), U.S. note 20(f)",USITC China Tariffs,
sample,9903.88.03 List 3,55164300,9903.88.03 +25% (CN),"HTS 2026 Rev. 20 ch. 99 PDF p. 285 (99-III-113), U.S. note 20(f)",USITC China Tariffs,
sample,9903.88.03 List 3,70052904,9903.88.03 +25% (CN),"HTS 2026 Rev. 20 ch. 99 PDF p. 287 (99-III-115), U.S. note 20(f)",USITC China Tariffs,
sample,9903.88.03 List 3,71090000,9903.88.03 +25% (CN),"HTS 2026 Rev. 20 ch. 99 PDF p. 287 (99-III-115), U.S. note 20(f)",USITC China Tariffs,
sample,9903.88.03 List 3,73211110,9903.88.03 +25% (CN),"HTS 2026 Rev. 20 ch. 99 PDF p. 288 (99-III-116), U.S. note 20(f)",USITC China Tariffs,
sample,9903.88.03 List 3,74093110,9903.88.03 +25% (CN),"HTS 2026 Rev. 20 ch. 99 PDF p. 288 (99-III-116), U.S. note 20(f)",USITC China Tariffs,
sample,9903.88.03 List 3,84244110,9903.88.03 +25% (CN),"HTS 2026 Rev. 20 ch. 99 PDF p. 289 (99-III-117), U.S. note 20(f)",USITC China Tariffs,
sample,9903.88.03 List 3,84798300,9903.88.03 +25% (CN),"HTS 2026 Rev. 20 ch. 99 PDF p. 290 (99-III-118), U.S. note 20(f)",USITC China Tariffs,
sample,9903.88.03 List 3,85122020,9903.88.03 +25% (CN),"HTS 2026 Rev. 20 ch. 99 PDF p. 290 (99-III-118), U.S. note 20(f)",USITC China Tariffs,
sample,9903.88.03 List 3,85189020,9903.88.03 +25% (CN),"HTS 2026 Rev. 20 ch. 99 PDF p. 290 (99-III-118), U.S. note 20(f)",USITC China Tariffs,
sample,9903.88.03 List 3,91070040,9903.88.03 +25% (CN),"HTS 2026 Rev. 20 ch. 99 PDF p. 292 (99-III-120), U.S. note 20(f)",USITC China Tariffs,
sample,9903.88.04 List 3 (particular articles),85176200,9903.88.04 +25% (CN),"HTS 2026 Rev. 20 ch. 99 PDF p. 292 (99-III-120), U.S. note 20(g), item 2",USITC China Tariffs,
sample,9903.88.04 List 3 (particular articles),94016140,9903.88.04 +25% (CN),"HTS 2026 Rev. 20 ch. 99 PDF p. 292 (99-III-120), U.S. note 20(g), item 3",USITC China Tariffs,
sample,9903.88.04 List 3 (particular articles),94017100,9903.88.04 +25% (CN),"HTS 2026 Rev. 20 ch. 99 PDF p. 292 (99-III-120), U.S. note 20(g), item 5",USITC China Tariffs,
sample,9903.88.04 List 3 (particular articles),94018040,9903.88.04 +25% (CN),"HTS 2026 Rev. 20 ch. 99 PDF p. 292 (99-III-120), U.S. note 20(g), item 8",USITC China Tariffs,
sample,9903.88.04 List 3 (particular articles),94037040,9903.88.04 +25% (CN),"HTS 2026 Rev. 20 ch. 99 PDF p. 293 (99-III-121), U.S. note 20(g), item 10",USITC China Tariffs,
sample,9903.88.15 List 4A,04069044,9903.88.15 +7.5% (CN),"HTS 2026 Rev. 20 ch. 99 PDF p. 331 (99-III-159), U.S. note 20(s)(i)",USITC China Tariffs,
sample,9903.88.15 List 4A,04069090,9903.88.15 +7.5% (CN),"HTS 2026 Rev. 20 ch. 99 PDF p. 331 (99-III-159), U.S. note 20(s)(i)",USITC China Tariffs,
sample,9903.88.15 List 4A,09082240,9903.88.15 +7.5% (CN),"HTS 2026 Rev. 20 ch. 99 PDF p. 332 (99-III-160), U.S. note 20(s)(i)",USITC China Tariffs,
sample,9903.88.15 List 4A,16024190,9903.88.15 +7.5% (CN),"HTS 2026 Rev. 20 ch. 99 PDF p. 332 (99-III-160), U.S. note 20(s)(i)",USITC China Tariffs,
sample,9903.88.15 List 4A,19012030,9903.88.15 +7.5% (CN),"HTS 2026 Rev. 20 ch. 99 PDF p. 333 (99-III-161), U.S. note 20(s)(i)",USITC China Tariffs,
sample,9903.88.15 List 4A,20057050,9903.88.15 +7.5% (CN),"HTS 2026 Rev. 20 ch. 99 PDF p. 333 (99-III-161), U.S. note 20(s)(i)",USITC China Tariffs,
sample,9903.88.15 List 4A,22085000,9903.88.15 +7.5% (CN),"HTS 2026 Rev. 20 ch. 99 PDF p. 334 (99-III-162), U.S. note 20(s)(i)",USITC China Tariffs,
sample,9903.88.15 List 4A,33062000,9903.88.15 +7.5% (CN),"HTS 2026 Rev. 20 ch. 99 PDF p. 334 (99-III-162), U.S. note 20(s)(i)",USITC China Tariffs,
sample,9903.88.15 List 4A,59031015,9903.88.15 +7.5% (CN),"HTS 2026 Rev. 20 ch. 99 PDF p. 335 (99-III-163), U.S. note 20(s)(i)",USITC China Tariffs,
sample,9903.88.15 List 4A,61159990,9903.88.15 +7.5% (CN),"HTS 2026 Rev. 20 ch. 99 PDF p. 335 (99-III-163), U.S. note 20(s)(i)",USITC China Tariffs,
sample,9903.88.15 List 4A,62029069,9903.88.15 +7.5% (CN),"HTS 2026 Rev. 20 ch. 99 PDF p. 336 (99-III-164), U.S. note 20(s)(i)",USITC China Tariffs,
sample,9903.88.15 List 4A,62034907,9903.88.15 +7.5% (CN),"HTS 2026 Rev. 20 ch. 99 PDF p. 336 (99-III-164), U.S. note 20(s)(i)",USITC China Tariffs,
sample,9903.88.15 List 4A,62071990,9903.88.15 +7.5% (CN),"HTS 2026 Rev. 20 ch. 99 PDF p. 336 (99-III-164), U.S. note 20(s)(i)",USITC China Tariffs,
sample,9903.88.15 List 4A,63029100,9903.88.15 +7.5% (CN),"HTS 2026 Rev. 20 ch. 99 PDF p. 337 (99-III-165), U.S. note 20(s)(i)",USITC China Tariffs,
sample,9903.88.15 List 4A,69111038,9903.88.15 +7.5% (CN),"HTS 2026 Rev. 20 ch. 99 PDF p. 338 (99-III-166), U.S. note 20(s)(i)",USITC China Tariffs,
sample,9903.88.15 List 4A,73044130,9903.88.15 +7.5% (CN),"HTS 2026 Rev. 20 ch. 99 PDF p. 338 (99-III-166), U.S. note 20(s)(i)",USITC China Tariffs,
sample,9903.88.15 List 4A,76101000,9903.88.15 +7.5% (CN),"HTS 2026 Rev. 20 ch. 99 PDF p. 338 (99-III-166), U.S. note 20(s)(i)",USITC China Tariffs,
sample,9903.88.15 List 4A,76151011,9903.88.15 +7.5% (CN),"HTS 2026 Rev. 20 ch. 99 PDF p. 338 (99-III-166), U.S. note 20(s)(i)",USITC China Tariffs,
sample,9903.88.15 List 4A,82119220,9903.88.15 +7.5% (CN),"HTS 2026 Rev. 20 ch. 99 PDF p. 338 (99-III-166), U.S. note 20(s)(i)",USITC China Tariffs,
sample,9903.88.15 List 4A,84471290,9903.88.15 +7.5% (CN),"HTS 2026 Rev. 20 ch. 99 PDF p. 339 (99-III-167), U.S. note 20(s)(i)",USITC China Tariffs,
sample,9903.88.15 List 4A,84502000,9903.88.15 +7.5% (CN),"HTS 2026 Rev. 20 ch. 99 PDF p. 339 (99-III-167), U.S. note 20(s)(i)",USITC China Tariffs,
sample,9903.88.15 List 4A,85183010,9903.88.15 +7.5% (CN),"HTS 2026 Rev. 20 ch. 99 PDF p. 339 (99-III-167), U.S. note 20(s)(i)",USITC China Tariffs,
sample,9903.88.15 List 4A,85285915,9903.88.15 +7.5% (CN),"HTS 2026 Rev. 20 ch. 99 PDF p. 339 (99-III-167), U.S. note 20(s)(i)",USITC China Tariffs,
sample,9903.88.15 List 4A,95042020,9903.88.15 +7.5% (CN),"HTS 2026 Rev. 20 ch. 99 PDF p. 340 (99-III-168), U.S. note 20(s)(i)",USITC China Tariffs,
sample,9903.88.15 List 4A,95063100,9903.88.15 +7.5% (CN),"HTS 2026 Rev. 20 ch. 99 PDF p. 340 (99-III-168), U.S. note 20(s)(i)",USITC China Tariffs,
sample,9903.91.01 Four-year review (25%),28444100,9903.91.01 +25% (CN),"HTS 2026 Rev. 20 ch. 99 PDF p. 512 (99-III-340), U.S. note 31(b)",USITC China Tariffs,
sample,9903.91.01 Four-year review (25%),72061000,9903.91.01 +25% (CN),"HTS 2026 Rev. 20 ch. 99 PDF p. 512 (99-III-340), U.S. note 31(b)",USITC China Tariffs,
sample,9903.91.01 Four-year review (25%),72071900,9903.91.01 +25% (CN),"HTS 2026 Rev. 20 ch. 99 PDF p. 512 (99-III-340), U.S. note 31(b)",USITC China Tariffs,
sample,9903.91.01 Four-year review (25%),72085300,9903.91.01 +25% (CN),"HTS 2026 Rev. 20 ch. 99 PDF p. 512 (99-III-340), U.S. note 31(b)",USITC China Tariffs,
sample,9903.91.01 Four-year review (25%),72091860,9903.91.01 +25% (CN),"HTS 2026 Rev. 20 ch. 99 PDF p. 512 (99-III-340), U.S. note 31(b)",USITC China Tariffs,
sample,9903.91.01 Four-year review (25%),72111400,9903.91.01 +25% (CN),"HTS 2026 Rev. 20 ch. 99 PDF p. 512 (99-III-340), U.S. note 31(b)",USITC China Tariffs,
sample,9903.91.01 Four-year review (25%),72143000,9903.91.01 +25% (CN),"HTS 2026 Rev. 20 ch. 99 PDF p. 512 (99-III-340), U.S. note 31(b)",USITC China Tariffs,
sample,9903.91.01 Four-year review (25%),72159030,9903.91.01 +25% (CN),"HTS 2026 Rev. 20 ch. 99 PDF p. 512 (99-III-340), U.S. note 31(b)",USITC China Tariffs,
sample,9903.91.01 Four-year review (25%),72163300,9903.91.01 +25% (CN),"HTS 2026 Rev. 20 ch. 99 PDF p. 512 (99-III-340), U.S. note 31(b)",USITC China Tariffs,
sample,9903.91.01 Four-year review (25%),72181000,9903.91.01 +25% (CN),"HTS 2026 Rev. 20 ch. 99 PDF p. 512 (99-III-340), U.S. note 31(b)",USITC China Tariffs,
sample,9903.91.01 Four-year review (25%),72191400,9903.91.01 +25% (CN),"HTS 2026 Rev. 20 ch. 99 PDF p. 512 (99-III-340), U.S. note 31(b)",USITC China Tariffs,
sample,9903.91.01 Four-year review (25%),72193300,9903.91.01 +25% (CN),"HTS 2026 Rev. 20 ch. 99 PDF p. 512 (99-III-340), U.S. note 31(b)",USITC China Tariffs,
sample,9903.91.01 Four-year review (25%),72202060,9903.91.01 +25% (CN),"HTS 2026 Rev. 20 ch. 99 PDF p. 512 (99-III-340), U.S. note 31(b)",USITC China Tariffs,
sample,9903.91.01 Four-year review (25%),72255070,9903.91.01 +25% (CN),"HTS 2026 Rev. 20 ch. 99 PDF p. 512 (99-III-340), U.S. note 31(b)",USITC China Tariffs,
sample,9903.91.01 Four-year review (25%),72271000,9903.91.01 +25% (CN),"HTS 2026 Rev. 20 ch. 99 PDF p. 512 (99-III-340), U.S. note 31(b)",USITC China Tariffs,
sample,9903.91.01 Four-year review (25%),72287060,9903.91.01 +25% (CN),"HTS 2026 Rev. 20 ch. 99 PDF p. 512 (99-III-340), U.S. note 31(b)",USITC China Tariffs,
sample,9903.91.01 Four-year review (25%),73021010,9903.91.01 +25% (CN),"HTS 2026 Rev. 20 ch. 99 PDF p. 512 (99-III-340), U.S. note 31(b)",USITC China Tariffs,
sample,9903.91.01 Four-year review (25%),73044900,9903.91.01 +25% (CN),"HTS 2026 Rev. 20 ch. 99 PDF p. 512 (99-III-340), U.S. note 31(b)",USITC China Tariffs,
sample,9903.91.01 Four-year review (25%),73045110,9903.91.01 +25% (CN),"HTS 2026 Rev. 20 ch. 99 PDF p. 512 (99-III-340), U.S. note 31(b)",USITC China Tariffs,
sample,9903.91.01 Four-year review (25%),73051150,9903.91.01 +25% (CN),"HTS 2026 Rev. 20 ch. 99 PDF p. 512 (99-III-340), U.S. note 31(b)",USITC China Tariffs,
sample,9903.91.01 Four-year review (25%),73051210,9903.91.01 +25% (CN),"HTS 2026 Rev. 20 ch. 99 PDF p. 512 (99-III-340), U.S. note 31(b)",USITC China Tariffs,
sample,9903.91.01 Four-year review (25%),73062130,9903.91.01 +25% (CN),"HTS 2026 Rev. 20 ch. 99 PDF p. 513 (99-III-341), U.S. note 31(b)",USITC China Tariffs,
sample,9903.91.01 Four-year review (25%),76069130,9903.91.01 +25% (CN),"HTS 2026 Rev. 20 ch. 99 PDF p. 513 (99-III-341), U.S. note 31(b)",USITC China Tariffs,
sample,9903.91.01 Four-year review (25%),79011100,9903.91.01 +25% (CN),"HTS 2026 Rev. 20 ch. 99 PDF p. 513 (99-III-341), U.S. note 31(b)",USITC China Tariffs,
sample,9903.91.01 Four-year review (25%),80012000,9903.91.01 +25% (CN),"HTS 2026 Rev. 20 ch. 99 PDF p. 513 (99-III-341), U.S. note 31(b)",USITC China Tariffs,
sample,9903.91.02 Four-year review (50%),85414200,9903.91.02 +50% (CN),"HTS 2026 Rev. 20 ch. 99 PDF p. 513 (99-III-341), U.S. note 31(c)",USITC China Tariffs,
sample,9903.91.02 Four-year review (50%),85414300,9903.91.02 +50% (CN),"HTS 2026 Rev. 20 ch. 99 PDF p. 513 (99-III-341), U.S. note 31(c)",USITC China Tariffs,
sample,9903.91.03 Four-year review (100%),87029031,9903.91.03 +100% (CN),"HTS 2026 Rev. 20 ch. 99 PDF p. 513 (99-III-341), U.S. note 31(d)",USITC China Tariffs,
sample,9903.91.03 Four-year review (100%),87029061,9903.91.03 +100% (CN),"HTS 2026 Rev. 20 ch. 99 PDF p. 513 (99-III-341), U.S. note 31(d)",USITC China Tariffs,
sample,9903.91.03 Four-year review (100%),87036000,9903.91.03 +100% (CN),"HTS 2026 Rev. 20 ch. 99 PDF p. 513 (99-III-341), U.S. note 31(d)",USITC China Tariffs,
sample,9903.91.03 Four-year review (100%),90183100,9903.91.03 +100% (CN),"HTS 2026 Rev. 20 ch. 99 PDF p. 513 (99-III-341), U.S. note 31(d)",USITC China Tariffs,
sample,9903.91.03 Four-year review (100%),90183200,9903.91.03 +100% (CN),"HTS 2026 Rev. 20 ch. 99 PDF p. 513 (99-III-341), U.S. note 31(d)",USITC China Tariffs,
sample,9903.91.05 Four-year review (50%),38180000,9903.91.05 +50% (CN),"HTS 2026 Rev. 20 ch. 99 PDF p. 514 (99-III-342), U.S. note 31(f)(i)",USITC China Tariffs,
sample,9903.91.05 Four-year review (50%),85414995,9903.91.05 +50% (CN),"HTS 2026 Rev. 20 ch. 99 PDF p. 514 (99-III-342), U.S. note 31(f)(i)",USITC China Tariffs,
sample,9903.91.05 Four-year review (50%),85419000,9903.91.05 +50% (CN),"HTS 2026 Rev. 20 ch. 99 PDF p. 514 (99-III-342), U.S. note 31(f)(i)",USITC China Tariffs,
sample,9903.91.05 Four-year review (50%),85423200,9903.91.05 +50% (CN),"HTS 2026 Rev. 20 ch. 99 PDF p. 514 (99-III-342), U.S. note 31(f)(i)",USITC China Tariffs,
sample,9903.91.05 Four-year review (50%),85423900,9903.91.05 +50% (CN),"HTS 2026 Rev. 20 ch. 99 PDF p. 514 (99-III-342), U.S. note 31(f)(i)",USITC China Tariffs,
sample,9903.91.06 Four-year review (25%),25041010,9903.91.06 +25% (CN),"HTS 2026 Rev. 20 ch. 99 PDF p. 514 (99-III-342), U.S. note 31(g)",USITC China Tariffs,
sample,9903.91.06 Four-year review (25%),25041050,9903.91.06 +25% (CN),"HTS 2026 Rev. 20 ch. 99 PDF p. 514 (99-III-342), U.S. note 31(g)",USITC China Tariffs,
sample,9903.91.06 Four-year review (25%),25049000,9903.91.06 +25% (CN),"HTS 2026 Rev. 20 ch. 99 PDF p. 514 (99-III-342), U.S. note 31(g)",USITC China Tariffs,
sample,9903.91.06 Four-year review (25%),85051100,9903.91.06 +25% (CN),"HTS 2026 Rev. 20 ch. 99 PDF p. 514 (99-III-342), U.S. note 31(g)",USITC China Tariffs,
sample,9903.91.06 Four-year review (25%),85076000,9903.91.06 +25% (CN),"HTS 2026 Rev. 20 ch. 99 PDF p. 514 (99-III-342), U.S. note 31(g)",USITC China Tariffs,
sample,9903.91.07 Four-year review (50%),6307909842,9903.91.07 +50% (CN),"HTS 2026 Rev. 20 ch. 99 PDF p. 514 (99-III-342), U.S. note 31(h), item 1",USITC China Tariffs,
sample,9903.91.07 Four-year review (50%),6307909844,9903.91.07 +50% (CN),"HTS 2026 Rev. 20 ch. 99 PDF p. 514 (99-III-342), U.S. note 31(h), item 1",USITC China Tariffs,
sample,9903.91.07 Four-year review (50%),6307909850,9903.91.07 +50% (CN),"HTS 2026 Rev. 20 ch. 99 PDF p. 514 (99-III-342), U.S. note 31(h), item 2",USITC China Tariffs,
sample,9903.91.07 Four-year review (50%),6307909870,9903.91.07 +50% (CN),"HTS 2026 Rev. 20 ch. 99 PDF p. 514 (99-III-342), U.S. note 31(h), item 3",USITC China Tariffs,
sample,9903.91.07 Four-year review (50%),6307909875,9903.91.07 +50% (CN),"HTS 2026 Rev. 20 ch. 99 PDF p. 514 (99-III-342), U.S. note 31(h), item 3",USITC China Tariffs,
sample,9903.91.08 Four-year review (100%),40151210,9903.91.08 +100% (CN),"HTS 2026 Rev. 20 ch. 99 PDF p. 515 (99-III-343), U.S. note 31(i)",USITC China Tariffs,
sample,9903.91.11 Four-year review (25%),81019400,9903.91.11 +25% (CN),"HTS 2026 Rev. 20 ch. 99 PDF p. 515 (99-III-343), U.S. note 31(j)",USITC China Tariffs,
sample,9903.91.11 Four-year review (25%),81019910,9903.91.11 +25% (CN),"HTS 2026 Rev. 20 ch. 99 PDF p. 515 (99-III-343), U.S. note 31(j)",USITC China Tariffs,
sample,9903.91.11 Four-year review (25%),81019980,9903.91.11 +25% (CN),"HTS 2026 Rev. 20 ch. 99 PDF p. 515 (99-III-343), U.S. note 31(j)",USITC China Tariffs,
sample,9903.92.10 Ship-to-shore gantry cranes,84261900,9903.92.10 +25% (CN),"HTS 2026 Rev. 20, subheading 9903.92.10 (article description)",USITC China Tariffs,
sample,"9903.91.12 Intermodal chassis (from November 10, 2026)",8716390090,9903.91.12 unconfirmed (100%) (CN),"HTS 2026 Rev. 20 ch. 99 PDF p. 515 (99-III-343), U.S. note 31(k)(i)",USITC China Tariffs,
sample,"9903.91.12 Intermodal chassis (from November 10, 2026)",87169030,9903.91.12 unconfirmed (100%) (CN),"HTS 2026 Rev. 20 ch. 99 PDF p. 515 (99-III-343), U.S. note 31(k)(i)",USITC China Tariffs,
sample,"9903.91.12 Intermodal chassis (from November 10, 2026)",87169050,9903.91.12 unconfirmed (100%) (CN),"HTS 2026 Rev. 20 ch. 99 PDF p. 515 (99-III-343), U.S. note 31(k)(i)",USITC China Tariffs,
sample,"9903.91.14 Ship-to-shore gantry cranes (from November 10, 2026)",84261900,9903.91.14 unconfirmed (100%) (CN),"HTS 2026 Rev. 20 ch. 99 PDF p. 516 (99-III-344), U.S. note 31(l)(i)",USITC China Tariffs,
sample,9903.88.69 USTR product exclusion,0304831020,9903.88.69 exclusion (caveat only) (CN),"HTS 2026 Rev. 20 ch. 99 PDF p. 491 (99-III-319), U.S. note 20(vvv)(iii), item 3",count only (FR 2025-21671: 178),
sample,9903.88.69 USTR product exclusion,0304835020,9903.88.69 exclusion (caveat only) (CN),"HTS 2026 Rev. 20 ch. 99 PDF p. 491 (99-III-319), U.S. note 20(vvv)(iii), item 5",count only (FR 2025-21671: 178),
sample,9903.88.69 USTR product exclusion,0505100050,9903.88.69 exclusion (caveat only) (CN),"HTS 2026 Rev. 20 ch. 99 PDF p. 495 (99-III-323), U.S. note 20(vvv)(iv), item 1",count only (FR 2025-21671: 178),
sample,9903.88.69 USTR product exclusion,3815190000,9903.88.69 exclusion (caveat only) (CN),"HTS 2026 Rev. 20 ch. 99 PDF p. 492 (99-III-320), U.S. note 20(vvv)(iii), item 26",count only (FR 2025-21671: 178),
sample,9903.88.69 USTR product exclusion,3926909915,9903.88.69 exclusion (caveat only) (CN),"HTS 2026 Rev. 20 ch. 99 PDF p. 495 (99-III-323), U.S. note 20(vvv)(iv), item 4",count only (FR 2025-21671: 178),
sample,9903.88.69 USTR product exclusion,6111206070,9903.88.69 exclusion (caveat only) (CN),"HTS 2026 Rev. 20 ch. 99 PDF p. 495 (99-III-323), U.S. note 20(vvv)(iv), item 13",count only (FR 2025-21671: 178),
sample,9903.88.69 USTR product exclusion,6802990090,9903.88.69 exclusion (caveat only) (CN),"HTS 2026 Rev. 20 ch. 99 PDF p. 493 (99-III-321), U.S. note 20(vvv)(iii), item 33",count only (FR 2025-21671: 178),
sample,9903.88.69 USTR product exclusion,8413919039,9903.88.69 exclusion (caveat only) (CN),"HTS 2026 Rev. 20 ch. 99 PDF p. 488 (99-III-316), U.S. note 20(vvv)(i), item 4",count only (FR 2025-21671: 178),
sample,9903.88.69 USTR product exclusion,8421990140,9903.88.69 exclusion (caveat only) (CN),"HTS 2026 Rev. 20 ch. 99 PDF p. 488 (99-III-316), U.S. note 20(vvv)(i), item 15",count only (FR 2025-21671: 178),
sample,9903.88.69 USTR product exclusion,8424899000,9903.88.69 exclusion (caveat only) (CN),"HTS 2026 Rev. 20 ch. 99 PDF p. 490 (99-III-318), U.S. note 20(vvv)(ii), item 9",count only (FR 2025-21671: 178),
sample,9903.88.69 USTR product exclusion,8473305100,9903.88.69 exclusion (caveat only) (CN),"HTS 2026 Rev. 20 ch. 99 PDF p. 494 (99-III-322), U.S. note 20(vvv)(iii), item 50",count only (FR 2025-21671: 178),
sample,9903.88.69 USTR product exclusion,8479909596,9903.88.69 exclusion (caveat only) (CN),"HTS 2026 Rev. 20 ch. 99 PDF p. 489 (99-III-317), U.S. note 20(vvv)(i), item 20",count only (FR 2025-21671: 178),
sample,9903.88.69 USTR product exclusion,8481909020,9903.88.69 exclusion (caveat only) (CN),"HTS 2026 Rev. 20 ch. 99 PDF p. 489 (99-III-317), U.S. note 20(vvv)(i), item 21",count only (FR 2025-21671: 178),
sample,9903.88.69 USTR product exclusion,8501404040,9903.88.69 exclusion (caveat only) (CN),"HTS 2026 Rev. 20 ch. 99 PDF p. 494 (99-III-322), U.S. note 20(vvv)(iii), item 52",count only (FR 2025-21671: 178),
sample,9903.88.69 USTR product exclusion,8501514040,9903.88.69 exclusion (caveat only) (CN),"HTS 2026 Rev. 20 ch. 99 PDF p. 489 (99-III-317), U.S. note 20(vvv)(i), item 28",count only (FR 2025-21671: 178),
sample,9903.88.69 USTR product exclusion,8536308000,9903.88.69 exclusion (caveat only) (CN),"HTS 2026 Rev. 20 ch. 99 PDF p. 491 (99-III-319), U.S. note 20(vvv)(ii), item 15",count only (FR 2025-21671: 178),
sample,9903.88.69 USTR product exclusion,8543709860,9903.88.69 exclusion (caveat only) (CN),"HTS 2026 Rev. 20 ch. 99 PDF p. 491 (99-III-319), U.S. note 20(vvv)(ii), item 18",count only (FR 2025-21671: 178),
sample,9903.88.69 USTR product exclusion,8544429090,9903.88.69 exclusion (caveat only) (CN),"HTS 2026 Rev. 20 ch. 99 PDF p. 494 (99-III-322), U.S. note 20(vvv)(iii), item 62",count only (FR 2025-21671: 178),
sample,9903.88.69 USTR product exclusion,8708407570,9903.88.69 exclusion (caveat only) (CN),"HTS 2026 Rev. 20 ch. 99 PDF p. 494 (99-III-322), U.S. note 20(vvv)(iii), item 64",count only (FR 2025-21671: 178),
sample,9903.88.69 USTR product exclusion,8708407570,9903.88.69 exclusion (caveat only) (CN),"HTS 2026 Rev. 20 ch. 99 PDF p. 494 (99-III-322), U.S. note 20(vvv)(iii), item 63",count only (FR 2025-21671: 178),
sample,9903.88.69 USTR product exclusion,9018199550,9903.88.69 exclusion (caveat only) (CN),"HTS 2026 Rev. 20 ch. 99 PDF p. 489 (99-III-317), U.S. note 20(vvv)(i), item 36",count only (FR 2025-21671: 178),
sample,9903.88.69 USTR product exclusion,9018903000,9903.88.69 exclusion (caveat only) (CN),"HTS 2026 Rev. 20 ch. 99 PDF p. 490 (99-III-318), U.S. note 20(vvv)(i), item 40",count only (FR 2025-21671: 178),
sample,9903.88.69 USTR product exclusion,9022904000,9903.88.69 exclusion (caveat only) (CN),"HTS 2026 Rev. 20 ch. 99 PDF p. 490 (99-III-318), U.S. note 20(vvv)(i), item 44",count only (FR 2025-21671: 178),
sample,9903.88.69 USTR product exclusion,9401710031,9903.88.69 exclusion (caveat only) (CN),"HTS 2026 Rev. 20 ch. 99 PDF p. 495 (99-III-323), U.S. note 20(vvv)(iii), item 67",count only (FR 2025-21671: 178),
sample,9903.88.69 USTR product exclusion,9401790035,9903.88.69 exclusion (caveat only) (CN),"HTS 2026 Rev. 20 ch. 99 PDF p. 495 (99-III-323), U.S. note 20(vvv)(iii), item 68",count only (FR 2025-21671: 178),
sample,9903.88.70 USTR product exclusion,8486100000,9903.88.70 exclusion (caveat only) (CN),"HTS 2026 Rev. 20 ch. 99 PDF p. 496 (99-III-324), U.S. note 20(www), item 3",count only (FR 2025-21671: 178),
sample,9903.88.70 USTR product exclusion,8486100000,9903.88.70 exclusion (caveat only) (CN),"HTS 2026 Rev. 20 ch. 99 PDF p. 496 (99-III-324), U.S. note 20(www), item 4",count only (FR 2025-21671: 178),
sample,9903.88.70 USTR product exclusion,8486200000,9903.88.70 exclusion (caveat only) (CN),"HTS 2026 Rev. 20 ch. 99 PDF p. 497 (99-III-325), U.S. note 20(www), item 8",count only (FR 2025-21671: 178),
sample,9903.88.70 USTR product exclusion,8486200000,9903.88.70 exclusion (caveat only) (CN),"HTS 2026 Rev. 20 ch. 99 PDF p. 497 (99-III-325), U.S. note 20(www), item 11",count only (FR 2025-21671: 178),
sample,9903.88.70 USTR product exclusion,8486200000,9903.88.70 exclusion (caveat only) (CN),"HTS 2026 Rev. 20 ch. 99 PDF p. 497 (99-III-325), U.S. note 20(www), item 10",count only (FR 2025-21671: 178),
sample,U.S. note 16(c)(i),7604,9903.82.02 +50%; 9903.85.67 +200% (RU),"HTS 2026 Rev. 20 ch. 99 PDF p. 236 (99-III-64), U.S. note 16(c)(i)",CBP CSMS #68855869 list,
sample,U.S. note 16(c)(i),7606,9903.82.02 +50%; 9903.85.67 +200% (RU),"HTS 2026 Rev. 20 ch. 99 PDF p. 236 (99-III-64), U.S. note 16(c)(i)",CBP CSMS #68855869 list,
sample,U.S. note 16(c)(i),7609,9903.82.02 +50%; 9903.85.67 +200% (RU),"HTS 2026 Rev. 20 ch. 99 PDF p. 236 (99-III-64), U.S. note 16(c)(i)",CBP CSMS #68855869 list,
sample,U.S. note 16(c)(i),7616995160,9903.82.02 +50%,"HTS 2026 Rev. 20 ch. 99 PDF p. 236 (99-III-64), U.S. note 16(c)(i)",CBP CSMS #68855869 list,
sample,U.S. note 16(c)(i),7616995170,9903.82.02 +50%,"HTS 2026 Rev. 20 ch. 99 PDF p. 236 (99-III-64), U.S. note 16(c)(i)",CBP CSMS #68855869 list,
sample,U.S. note 16(c)(ii),76101000,9903.82.02 +50%; 9903.85.68 +200% (RU),"HTS 2026 Rev. 20 ch. 99 PDF p. 237 (99-III-65), U.S. note 16(c)(ii)",CBP CSMS #68855869 list,
sample,U.S. note 16(c)(ii),76149020,9903.82.02 +50%; 9903.85.68 +200% (RU),"HTS 2026 Rev. 20 ch. 99 PDF p. 237 (99-III-65), U.S. note 16(c)(ii)",CBP CSMS #68855869 list,
sample,U.S. note 16(c)(ii),76149050,9903.82.02 +50%; 9903.85.68 +200% (RU),"HTS 2026 Rev. 20 ch. 99 PDF p. 237 (99-III-65), U.S. note 16(c)(ii)",CBP CSMS #68855869 list,
sample,U.S. note 16(c)(ii),7616109090,9903.82.02 +50%; 9903.85.68 +200% (RU),"HTS 2026 Rev. 20 ch. 99 PDF p. 237 (99-III-65), U.S. note 16(c)(ii)",CBP CSMS #68855869 list,
sample,U.S. note 16(c)(ii),7616995190,9903.82.02 +50%; 9903.85.68 +200% (RU),"HTS 2026 Rev. 20 ch. 99 PDF p. 237 (99-III-65), U.S. note 16(c)(ii)",CBP CSMS #68855869 list,
sample,U.S. note 16(c)(iii),7212,9903.82.02 +50%; 9903.82.14 +50% (RU),"HTS 2026 Rev. 20 ch. 99 PDF p. 237 (99-III-65), U.S. note 16(c)(iii)",CBP CSMS #68855869 list,
sample,U.S. note 16(c)(iii),72161000,9903.82.02 +50%; 9903.82.14 +50% (RU),"HTS 2026 Rev. 20 ch. 99 PDF p. 237 (99-III-65), U.S. note 16(c)(iii)",CBP CSMS #68855869 list,
sample,U.S. note 16(c)(iii),72162200,9903.82.02 +50%; 9903.82.14 +50% (RU),"HTS 2026 Rev. 20 ch. 99 PDF p. 237 (99-III-65), U.S. note 16(c)(iii)",CBP CSMS #68855869 list,
sample,U.S. note 16(c)(iii),7218,9903.82.02 +50%; 9903.82.14 +50% (RU),"HTS 2026 Rev. 20 ch. 99 PDF p. 237 (99-III-65), U.S. note 16(c)(iii)",CBP CSMS #68855869 list,
sample,U.S. note 16(c)(iii),7228,9903.82.02 +50%; 9903.82.14 +50% (RU),"HTS 2026 Rev. 20 ch. 99 PDF p. 237 (99-III-65), U.S. note 16(c)(iii)",CBP CSMS #68855869 list,
sample,U.S. note 16(c)(iv),7216910010,9903.82.02 +50%; 9903.82.14 +50% (RU),"HTS 2026 Rev. 20 ch. 99 PDF p. 237 (99-III-65), U.S. note 16(c)(iv)",CBP CSMS #68855869 list,
sample,U.S. note 16(c)(iv),73012050,9903.82.02 +50%; 9903.82.14 +50% (RU),"HTS 2026 Rev. 20 ch. 99 PDF p. 237 (99-III-65), U.S. note 16(c)(iv)",CBP CSMS #68855869 list,
sample,U.S. note 16(c)(iv),73071990,9903.82.02 +50%; 9903.82.14 +50% (RU),"HTS 2026 Rev. 20 ch. 99 PDF p. 237 (99-III-65), U.S. note 16(c)(iv)",CBP CSMS #68855869 list,
sample,U.S. note 16(c)(iv),73079230,9903.82.02 +50%; 9903.82.14 +50% (RU),"HTS 2026 Rev. 20 ch. 99 PDF p. 237 (99-III-65), U.S. note 16(c)(iv)",CBP CSMS #68855869 list,
sample,U.S. note 16(c)(iv),73083010,9903.82.02 +50%; 9903.82.14 +50% (RU),"HTS 2026 Rev. 20 ch. 99 PDF p. 237 (99-III-65), U.S. note 16(c)(iv)",CBP CSMS #68855869 list,
sample,U.S. note 16(c)(iv),73101000,9903.82.02 +50%; 9903.82.14 +50% (RU),"HTS 2026 Rev. 20 ch. 99 PDF p. 237 (99-III-65), U.S. note 16(c)(iv)",CBP CSMS #68855869 list,
sample,U.S. note 16(c)(iv),73102100,9903.82.02 +50%; 9903.82.14 +50% (RU),"HTS 2026 Rev. 20 ch. 99 PDF p. 237 (99-III-65), U.S. note 16(c)(iv)",CBP CSMS #68855869 list,
sample,U.S. note 16(c)(iv),73141210,9903.82.02 +50%; 9903.82.14 +50% (RU),"HTS 2026 Rev. 20 ch. 99 PDF p. 237 (99-III-65), U.S. note 16(c)(iv)",CBP CSMS #68855869 list,
sample,U.S. note 16(c)(iv),73141901,9903.82.02 +50%; 9903.82.14 +50% (RU),"HTS 2026 Rev. 20 ch. 99 PDF p. 237 (99-III-65), U.S. note 16(c)(iv)",CBP CSMS #68855869 list,
sample,U.S. note 16(c)(iv),73145000,9903.82.02 +50%; 9903.82.14 +50% (RU),"HTS 2026 Rev. 20 ch. 99 PDF p. 237 (99-III-65), U.S. note 16(c)(iv)",CBP CSMS #68855869 list,
sample,U.S. note 16(c)(iv),73151900,9903.82.02 +50%; 9903.82.14 +50% (RU),"HTS 2026 Rev. 20 ch. 99 PDF p. 237 (99-III-65), U.S. note 16(c)(iv)",CBP CSMS #68855869 list,
sample,U.S. note 16(c)(iv),73158230,9903.82.02 +50%; 9903.82.14 +50% (RU),"HTS 2026 Rev. 20 ch. 99 PDF p. 237 (99-III-65), U.S. note 16(c)(iv)",CBP CSMS #68855869 list,
sample,U.S. note 16(c)(iv),73181200,9903.82.02 +50%; 9903.82.14 +50% (RU),"HTS 2026 Rev. 20 ch. 99 PDF p. 237 (99-III-65), U.S. note 16(c)(iv)",CBP CSMS #68855869 list,
sample,U.S. note 16(c)(iv),73181410,9903.82.02 +50%; 9903.82.14 +50% (RU),"HTS 2026 Rev. 20 ch. 99 PDF p. 237 (99-III-65), U.S. note 16(c)(iv)",CBP CSMS #68855869 list,
sample,U.S. note 16(c)(iv),73181600,9903.82.02 +50%; 9903.82.14 +50% (RU),"HTS 2026 Rev. 20 ch. 99 PDF p. 237 (99-III-65), U.S. note 16(c)(iv)",CBP CSMS #68855869 list,
sample,U.S. note 16(c)(iv),73181900,9903.82.02 +50%; 9903.82.14 +50% (RU),"HTS 2026 Rev. 20 ch. 99 PDF p. 237 (99-III-65), U.S. note 16(c)(iv)",CBP CSMS #68855869 list,
sample,U.S. note 16(c)(iv),73194020,9903.82.02 +50%; 9903.82.14 +50% (RU),"HTS 2026 Rev. 20 ch. 99 PDF p. 237 (99-III-65), U.S. note 16(c)(iv)",CBP CSMS #68855869 list,
sample,U.S. note 16(c)(iv),73194050,9903.82.02 +50%; 9903.82.14 +50% (RU),"HTS 2026 Rev. 20 ch. 99 PDF p. 237 (99-III-65), U.S. note 16(c)(iv)",CBP CSMS #68855869 list,
sample,U.S. note 16(c)(iv),73199090,9903.82.02 +50%; 9903.82.14 +50% (RU),"HTS 2026 Rev. 20 ch. 99 PDF p. 237 (99-III-65), U.S. note 16(c)(iv)",CBP CSMS #68855869 list,
sample,U.S. note 16(c)(iv),73201030,9903.82.02 +50%; 9903.82.14 +50% (RU),"HTS 2026 Rev. 20 ch. 99 PDF p. 237 (99-III-65), U.S. note 16(c)(iv)",CBP CSMS #68855869 list,
sample,U.S. note 16(c)(iv),73202010,9903.82.02 +50%; 9903.82.14 +50% (RU),"HTS 2026 Rev. 20 ch. 99 PDF p. 237 (99-III-65), U.S. note 16(c)(iv)",CBP CSMS #68855869 list,
sample,U.S. note 16(c)(iv),73209050,9903.82.02 +50%; 9903.82.14 +50% (RU),"HTS 2026 Rev. 20 ch. 99 PDF p. 237 (99-III-65), U.S. note 16(c)(iv)",CBP CSMS #68855869 list,
sample,U.S. note 16(c)(iv),7325100025,9903.82.02 +50%; 9903.82.14 +50% (RU),"HTS 2026 Rev. 20 ch. 99 PDF p. 237 (99-III-65), U.S. note 16(c)(iv)",CBP CSMS #68855869 list,
sample,U.S. note 16(c)(iv),73259100,9903.82.02 +50%; 9903.82.14 +50% (RU),"HTS 2026 Rev. 20 ch. 99 PDF p. 237 (99-III-65), U.S. note 16(c)(iv)",CBP CSMS #68855869 list,
sample,U.S. note 16(c)(iv),73261900,9903.82.02 +50%; 9903.82.14 +50% (RU),"HTS 2026 Rev. 20 ch. 99 PDF p. 237 (99-III-65), U.S. note 16(c)(iv)",CBP CSMS #68855869 list,
sample,U.S. note 16(c)(v),74071015,9903.82.02 +50%; 9903.82.14 +50% (RU),"HTS 2026 Rev. 20 ch. 99 PDF p. 238 (99-III-66), U.S. note 16(c)(v)",CBP CSMS #68855869 list,
sample,U.S. note 16(c)(v),74071050,9903.82.02 +50%; 9903.82.14 +50% (RU),"HTS 2026 Rev. 20 ch. 99 PDF p. 238 (99-III-66), U.S. note 16(c)(v)",CBP CSMS #68855869 list,
sample,U.S. note 16(c)(v),74072115,9903.82.02 +50%; 9903.82.14 +50% (RU),"HTS 2026 Rev. 20 ch. 99 PDF p. 238 (99-III-66), U.S. note 16(c)(v)",CBP CSMS #68855869 list,
sample,U.S. note 16(c)(v),74072934,9903.82.02 +50%; 9903.82.14 +50% (RU),"HTS 2026 Rev. 20 ch. 99 PDF p. 238 (99-III-66), U.S. note 16(c)(v)",CBP CSMS #68855869 list,
sample,U.S. note 16(c)(v),74072950,9903.82.02 +50%; 9903.82.14 +50% (RU),"HTS 2026 Rev. 20 ch. 99 PDF p. 238 (99-III-66), U.S. note 16(c)(v)",CBP CSMS #68855869 list,
sample,U.S. note 16(c)(v),74081130,9903.82.02 +50%; 9903.82.14 +50% (RU),"HTS 2026 Rev. 20 ch. 99 PDF p. 238 (99-III-66), U.S. note 16(c)(v)",CBP CSMS #68855869 list,
sample,U.S. note 16(c)(v),74082250,9903.82.02 +50%; 9903.82.14 +50% (RU),"HTS 2026 Rev. 20 ch. 99 PDF p. 238 (99-III-66), U.S. note 16(c)(v)",CBP CSMS #68855869 list,
sample,U.S. note 16(c)(v),74082910,9903.82.02 +50%; 9903.82.14 +50% (RU),"HTS 2026 Rev. 20 ch. 99 PDF p. 238 (99-III-66), U.S. note 16(c)(v)",CBP CSMS #68855869 list,
sample,U.S. note 16(c)(v),74082950,9903.82.02 +50%; 9903.82.14 +50% (RU),"HTS 2026 Rev. 20 ch. 99 PDF p. 238 (99-III-66), U.S. note 16(c)(v)",CBP CSMS #68855869 list,
sample,U.S. note 16(c)(v),74091110,9903.82.02 +50%; 9903.82.14 +50% (RU),"HTS 2026 Rev. 20 ch. 99 PDF p. 238 (99-III-66), U.S. note 16(c)(v)",CBP CSMS #68855869 list,
sample,U.S. note 16(c)(v),74091150,9903.82.02 +50%; 9903.82.14 +50% (RU),"HTS 2026 Rev. 20 ch. 99 PDF p. 238 (99-III-66), U.S. note 16(c)(v)",CBP CSMS #68855869 list,
sample,U.S. note 16(c)(v),74091990,9903.82.02 +50%; 9903.82.14 +50% (RU),"HTS 2026 Rev. 20 ch. 99 PDF p. 238 (99-III-66), U.S. note 16(c)(v)",CBP CSMS #68855869 list,
sample,U.S. note 16(c)(v),74092100,9903.82.02 +50%; 9903.82.14 +50% (RU),"HTS 2026 Rev. 20 ch. 99 PDF p. 238 (99-III-66), U.S. note 16(c)(v)",CBP CSMS #68855869 list,
sample,U.S. note 16(c)(v),74093110,9903.82.02 +50%; 9903.82.14 +50% (RU),"HTS 2026 Rev. 20 ch. 99 PDF p. 238 (99-III-66), U.S. note 16(c)(v)",CBP CSMS #68855869 list,
sample,U.S. note 16(c)(v),74101200,9903.82.02 +50%; 9903.82.14 +50% (RU),"HTS 2026 Rev. 20 ch. 99 PDF p. 238 (99-III-66), U.S. note 16(c)(v)",CBP CSMS #68855869 list,
sample,U.S. note 16(c)(v),74111050,9903.82.02 +50%; 9903.82.14 +50% (RU),"HTS 2026 Rev. 20 ch. 99 PDF p. 238 (99-III-66), U.S. note 16(c)(v)",CBP CSMS #68855869 list,
sample,U.S. note 16(c)(v),74122000,9903.82.02 +50%; 9903.82.14 +50% (RU),"HTS 2026 Rev. 20 ch. 99 PDF p. 238 (99-III-66), U.S. note 16(c)(v)",CBP CSMS #68855869 list,
sample,U.S. note 16(c)(v),74151000,9903.82.02 +50%; 9903.82.14 +50% (RU),"HTS 2026 Rev. 20 ch. 99 PDF p. 238 (99-III-66), U.S. note 16(c)(v)",CBP CSMS #68855869 list,
sample,U.S. note 16(c)(v),74152100,9903.82.02 +50%; 9903.82.14 +50% (RU),"HTS 2026 Rev. 20 ch. 99 PDF p. 238 (99-III-66), U.S. note 16(c)(v)",CBP CSMS #68855869 list,
sample,U.S. note 16(c)(v),74153305,9903.82.02 +50%; 9903.82.14 +50% (RU),"HTS 2026 Rev. 20 ch. 99 PDF p. 238 (99-III-66), U.S. note 16(c)(v)",CBP CSMS #68855869 list,
sample,U.S. note 16(c)(v),74182050,9903.82.02 +50%; 9903.82.14 +50% (RU),"HTS 2026 Rev. 20 ch. 99 PDF p. 238 (99-III-66), U.S. note 16(c)(v)",CBP CSMS #68855869 list,
sample,U.S. note 16(c)(v),74198006,9903.82.02 +50%; 9903.82.14 +50% (RU),"HTS 2026 Rev. 20 ch. 99 PDF p. 238 (99-III-66), U.S. note 16(c)(v)",CBP CSMS #68855869 list,
sample,U.S. note 16(c)(v),74198016,9903.82.02 +50%; 9903.82.14 +50% (RU),"HTS 2026 Rev. 20 ch. 99 PDF p. 238 (99-III-66), U.S. note 16(c)(v)",CBP CSMS #68855869 list,
sample,U.S. note 16(c)(v),74198030,9903.82.02 +50%; 9903.82.14 +50% (RU),"HTS 2026 Rev. 20 ch. 99 PDF p. 238 (99-III-66), U.S. note 16(c)(v)",CBP CSMS #68855869 list,
sample,U.S. note 16(c)(v),74198050,9903.82.02 +50%; 9903.82.14 +50% (RU),"HTS 2026 Rev. 20 ch. 99 PDF p. 238 (99-III-66), U.S. note 16(c)(v)",CBP CSMS #68855869 list,
sample,U.S. note 16(c)(vi),7615107125,9903.82.09 +25%; 9903.85.68 +200% (RU),"HTS 2026 Rev. 20 ch. 99 PDF p. 238 (99-III-66), U.S. note 16(c)(vi)",CBP CSMS #68855869 list,
sample,U.S. note 16(c)(vi),7616995140,9903.82.09 +25%; 9903.85.68 +200% (RU),"HTS 2026 Rev. 20 ch. 99 PDF p. 238 (99-III-66), U.S. note 16(c)(vi)",CBP CSMS #68855869 list,
sample,U.S. note 16(c)(vi),83021060,9903.82.09 +25%; 9903.82.16 +25% (RU),"HTS 2026 Rev. 20 ch. 99 PDF p. 238 (99-III-66), U.S. note 16(c)(vi)",CBP CSMS #68855869 list,
sample,U.S. note 16(c)(vi),83024130,9903.82.09 +25%; 9903.82.16 +25% (RU),"HTS 2026 Rev. 20 ch. 99 PDF p. 238 (99-III-66), U.S. note 16(c)(vi)",CBP CSMS #68855869 list,
sample,U.S. note 16(c)(vi),8302416015,9903.82.09 +25%; 9903.85.68 +200% (RU),"HTS 2026 Rev. 20 ch. 99 PDF p. 238 (99-III-66), U.S. note 16(c)(vi)",CBP CSMS #68855869 list,
sample,U.S. note 16(c)(vi),8302416080,9903.82.09 +25%; 9903.85.68 +200% (RU),"HTS 2026 Rev. 20 ch. 99 PDF p. 238 (99-III-66), U.S. note 16(c)(vi)",CBP CSMS #68855869 list,
sample,U.S. note 16(c)(vi),83026030,9903.82.09 +25%,"HTS 2026 Rev. 20 ch. 99 PDF p. 238 (99-III-66), U.S. note 16(c)(vi)",CBP CSMS #68855869 list,
sample,U.S. note 16(c)(vi),8309900025,9903.82.09 +25%; 9903.85.68 +200% (RU),"HTS 2026 Rev. 20 ch. 99 PDF p. 238 (99-III-66), U.S. note 16(c)(vi)",CBP CSMS #68855869 list,
sample,U.S. note 16(c)(vi),8412909075,9903.82.09 +25%; 9903.82.16 +25% (RU); 9903.85.68 +200% (RU),"HTS 2026 Rev. 20 ch. 99 PDF p. 238 (99-III-66), U.S. note 16(c)(vi)",CBP CSMS #68855869 list,
sample,U.S. note 16(c)(vi),84148016,9903.82.09 +25%; 9903.82.16 +25% (RU); 9903.85.68 +200% (RU),"HTS 2026 Rev. 20 ch. 99 PDF p. 238 (99-III-66), U.S. note 16(c)(vi)",CBP CSMS #68855869 list,
sample,U.S. note 16(c)(vi),8418998005,9903.82.09 +25%; 9903.85.68 +200% (RU),"HTS 2026 Rev. 20 ch. 99 PDF p. 238 (99-III-66), U.S. note 16(c)(vi)",CBP CSMS #68855869 list,
sample,U.S. note 16(c)(vi),84195050,9903.82.09 +25%,"HTS 2026 Rev. 20 ch. 99 PDF p. 238 (99-III-66), U.S. note 16(c)(vi)",CBP CSMS #68855869 list,
sample,U.S. note 16(c)(vi),8424909080,9903.82.09 +25%; 9903.85.68 +200% (RU),"HTS 2026 Rev. 20 ch. 99 PDF p. 238 (99-III-66), U.S. note 16(c)(vi)",CBP CSMS #68855869 list,
sample,U.S. note 16(c)(vi),84501100,9903.82.09 +25%; 9903.82.16 +25% (RU); 9903.85.68 +200% (RU),"HTS 2026 Rev. 20 ch. 99 PDF p. 238 (99-III-66), U.S. note 16(c)(vi)",CBP CSMS #68855869 list,
sample,U.S. note 16(c)(vi),84799085,9903.82.09 +25%; 9903.82.16 +25% (RU),"HTS 2026 Rev. 20 ch. 99 PDF p. 238 (99-III-66), U.S. note 16(c)(vi)",CBP CSMS #68855869 list,
sample,U.S. note 16(c)(vi),8483905020,9903.82.09 +25%; 9903.85.68 +200% (RU),"HTS 2026 Rev. 20 ch. 99 PDF p. 238 (99-III-66), U.S. note 16(c)(vi)",CBP CSMS #68855869 list,
sample,U.S. note 16(c)(vi),85023100,9903.82.09 +25%; 9903.82.16 +25% (RU),"HTS 2026 Rev. 20 ch. 99 PDF p. 238 (99-III-66), U.S. note 16(c)(vi)",CBP CSMS #68855869 list,
sample,U.S. note 16(c)(vi),85049041,9903.82.09 +25%; 9903.85.68 +200% (RU),"HTS 2026 Rev. 20 ch. 99 PDF p. 238 (99-III-66), U.S. note 16(c)(vi)",CBP CSMS #68855869 list,
sample,U.S. note 16(c)(vi),85177100,9903.82.09 +25%,"HTS 2026 Rev. 20 ch. 99 PDF p. 238 (99-III-66), U.S. note 16(c)(vi)",CBP CSMS #68855869 list,
sample,U.S. note 16(c)(vi),8536908585,9903.82.09 +25%; 9903.85.68 +200% (RU),"HTS 2026 Rev. 20 ch. 99 PDF p. 238 (99-III-66), U.S. note 16(c)(vi)",CBP CSMS #68855869 list,
sample,U.S. note 16(c)(vi),85381000,9903.82.09 +25%,"HTS 2026 Rev. 20 ch. 99 PDF p. 238 (99-III-66), U.S. note 16(c)(vi)",CBP CSMS #68855869 list,
sample,U.S. note 16(c)(vi),85441900,9903.82.09 +25%; 9903.85.68 +200% (RU),"HTS 2026 Rev. 20 ch. 99 PDF p. 238 (99-III-66), U.S. note 16(c)(vi)",CBP CSMS #68855869 list,
sample,U.S. note 16(c)(vi),8547900030,9903.82.09 +25%; 9903.85.68 +200% (RU),"HTS 2026 Rev. 20 ch. 99 PDF p. 238 (99-III-66), U.S. note 16(c)(vi)",CBP CSMS #68855869 list,
sample,U.S. note 16(c)(vi),87081030,9903.82.09 +25%; 9903.82.16 +25% (RU); 9903.85.68 +200% (RU),"HTS 2026 Rev. 20 ch. 99 PDF p. 238 (99-III-66), U.S. note 16(c)(vi)",CBP CSMS #68855869 list,
sample,U.S. note 16(c)(vi),87081060,9903.82.09 +25%; 9903.85.68 +200% (RU),"HTS 2026 Rev. 20 ch. 99 PDF p. 238 (99-III-66), U.S. note 16(c)(vi)",CBP CSMS #68855869 list,
sample,U.S. note 16(c)(vii),73218250,9903.82.09 +25%; 9903.82.16 +25% (RU),"HTS 2026 Rev. 20 ch. 99 PDF p. 240 (99-III-68), U.S. note 16(c)(vii)",CBP CSMS #68855869 list,
sample,U.S. note 16(c)(vii),73219020,9903.82.09 +25%; 9903.82.16 +25% (RU),"HTS 2026 Rev. 20 ch. 99 PDF p. 240 (99-III-68), U.S. note 16(c)(vii)",CBP CSMS #68855869 list,
sample,U.S. note 16(c)(vii),73239300,9903.82.09 +25%; 9903.82.16 +25% (RU),"HTS 2026 Rev. 20 ch. 99 PDF p. 240 (99-III-68), U.S. note 16(c)(vii)",CBP CSMS #68855869 list,
sample,U.S. note 16(c)(vii),73239400,9903.82.09 +25%; 9903.82.16 +25% (RU),"HTS 2026 Rev. 20 ch. 99 PDF p. 240 (99-III-68), U.S. note 16(c)(vii)",CBP CSMS #68855869 list,
sample,U.S. note 16(c)(vii),73242900,9903.82.09 +25%; 9903.82.16 +25% (RU),"HTS 2026 Rev. 20 ch. 99 PDF p. 240 (99-III-68), U.S. note 16(c)(vii)",CBP CSMS #68855869 list,
sample,U.S. note 16(c)(vii),7325100035,9903.82.09 +25%; 9903.82.16 +25% (RU),"HTS 2026 Rev. 20 ch. 99 PDF p. 240 (99-III-68), U.S. note 16(c)(vii)",CBP CSMS #68855869 list,
sample,U.S. note 16(c)(vii),82159130,9903.82.09 +25%; 9903.82.16 +25% (RU),"HTS 2026 Rev. 20 ch. 99 PDF p. 240 (99-III-68), U.S. note 16(c)(vii)",CBP CSMS #68855869 list,
sample,U.S. note 16(c)(vii),82159901,9903.82.09 +25%; 9903.82.16 +25% (RU),"HTS 2026 Rev. 20 ch. 99 PDF p. 240 (99-III-68), U.S. note 16(c)(vii)",CBP CSMS #68855869 list,
sample,U.S. note 16(c)(vii),82159910,9903.82.09 +25%; 9903.82.16 +25% (RU),"HTS 2026 Rev. 20 ch. 99 PDF p. 240 (99-III-68), U.S. note 16(c)(vii)",CBP CSMS #68855869 list,
sample,U.S. note 16(c)(vii),83021060,9903.82.09 +25%; 9903.82.16 +25% (RU),"HTS 2026 Rev. 20 ch. 99 PDF p. 240 (99-III-68), U.S. note 16(c)(vii)",CBP CSMS #68855869 list,
sample,U.S. note 16(c)(vii),84189940,9903.82.09 +25%; 9903.82.16 +25% (RU),"HTS 2026 Rev. 20 ch. 99 PDF p. 240 (99-III-68), U.S. note 16(c)(vii)",CBP CSMS #68855869 list,
sample,U.S. note 16(c)(vii),84314380,9903.82.09 +25%; 9903.82.16 +25% (RU),"HTS 2026 Rev. 20 ch. 99 PDF p. 240 (99-III-68), U.S. note 16(c)(vii)",CBP CSMS #68855869 list,
sample,U.S. note 16(c)(vii),84314910,9903.82.09 +25%; 9903.82.16 +25% (RU),"HTS 2026 Rev. 20 ch. 99 PDF p. 240 (99-III-68), U.S. note 16(c)(vii)",CBP CSMS #68855869 list,
sample,U.S. note 16(c)(vii),84512900,9903.82.09 +25%; 9903.82.16 +25% (RU),"HTS 2026 Rev. 20 ch. 99 PDF p. 240 (99-III-68), U.S. note 16(c)(vii)",CBP CSMS #68855869 list,
sample,U.S. note 16(c)(vii),8482105004,9903.82.09 +25%; 9903.82.16 +25% (RU),"HTS 2026 Rev. 20 ch. 99 PDF p. 240 (99-III-68), U.S. note 16(c)(vii)",CBP CSMS #68855869 list,
sample,U.S. note 16(c)(vii),8482105008,9903.82.09 +25%; 9903.82.16 +25% (RU),"HTS 2026 Rev. 20 ch. 99 PDF p. 240 (99-III-68), U.S. note 16(c)(vii)",CBP CSMS #68855869 list,
sample,U.S. note 16(c)(vii),8482200064,9903.82.09 +25%; 9903.82.16 +25% (RU),"HTS 2026 Rev. 20 ch. 99 PDF p. 240 (99-III-68), U.S. note 16(c)(vii)",CBP CSMS #68855869 list,
sample,U.S. note 16(c)(vii),84839050,9903.82.09 +25%; 9903.82.16 +25% (RU),"HTS 2026 Rev. 20 ch. 99 PDF p. 240 (99-III-68), U.S. note 16(c)(vii)",CBP CSMS #68855869 list,
sample,U.S. note 16(c)(vii),8501640110,9903.82.09 +25%; 9903.82.16 +25% (RU); 9903.85.68 +200% (RU),"HTS 2026 Rev. 20 ch. 99 PDF p. 240 (99-III-68), U.S. note 16(c)(vii)",CBP CSMS #68855869 list,
sample,U.S. note 16(c)(vii),85030035,9903.82.09 +25%; 9903.82.16 +25% (RU),"HTS 2026 Rev. 20 ch. 99 PDF p. 240 (99-III-68), U.S. note 16(c)(vii)",CBP CSMS #68855869 list,
sample,U.S. note 16(c)(vii),85030075,9903.82.09 +25%; 9903.82.16 +25% (RU),"HTS 2026 Rev. 20 ch. 99 PDF p. 240 (99-III-68), U.S. note 16(c)(vii)",CBP CSMS #68855869 list,
sample,U.S. note 16(c)(vii),86050000,9903.82.09 +25%; 9903.82.16 +25% (RU),"HTS 2026 Rev. 20 ch. 99 PDF p. 240 (99-III-68), U.S. note 16(c)(vii)",CBP CSMS #68855869 list,
sample,U.S. note 16(c)(vii),87021031,9903.82.09 +25%; 9903.82.16 +25% (RU),"HTS 2026 Rev. 20 ch. 99 PDF p. 240 (99-III-68), U.S. note 16(c)(vii)",CBP CSMS #68855869 list,
sample,U.S. note 16(c)(vii),87089275,9903.82.09 +25%; 9903.82.16 +25% (RU),"HTS 2026 Rev. 20 ch. 99 PDF p. 240 (99-III-68), U.S. note 16(c)(vii)",CBP CSMS #68855869 list,
sample,U.S. note 16(c)(vii),87163900,9903.82.09 +25%; 9903.82.16 +25% (RU),"HTS 2026 Rev. 20 ch. 99 PDF p. 241 (99-III-69), U.S. note 16(c)(vii)",CBP CSMS #68855869 list,
sample,U.S. note 16(c)(viii),85444210,9903.82.09 +25%; 9903.82.16 +25% (RU),"HTS 2026 Rev. 20 ch. 99 PDF p. 241 (99-III-69), U.S. note 16(c)(viii)",CBP CSMS #68855869 list,
sample,U.S. note 16(c)(viii),85444220,9903.82.09 +25%; 9903.82.16 +25% (RU),"HTS 2026 Rev. 20 ch. 99 PDF p. 241 (99-III-69), U.S. note 16(c)(viii)",CBP CSMS #68855869 list,
sample,U.S. note 16(c)(viii),85444290,9903.82.09 +25%; 9903.82.16 +25% (RU); 9903.85.68 +200% (RU),"HTS 2026 Rev. 20 ch. 99 PDF p. 241 (99-III-69), U.S. note 16(c)(viii)",CBP CSMS #68855869 list,
sample,U.S. note 16(c)(viii),85444910,9903.82.09 +25%; 9903.82.16 +25% (RU),"HTS 2026 Rev. 20 ch. 99 PDF p. 241 (99-III-69), U.S. note 16(c)(viii)",CBP CSMS #68855869 list,
sample,U.S. note 16(c)(ix),8415908010,9903.82.10 minimum total 15%; 9903.82.12 +25% (4 origins),"HTS 2026 Rev. 20 ch. 99 PDF p. 241 (99-III-69), U.S. note 16(c)(ix)",CBP CSMS #68855869 list,
sample,U.S. note 16(c)(ix),8415908020,9903.82.10 minimum total 15%; 9903.82.12 +25% (4 origins),"HTS 2026 Rev. 20 ch. 99 PDF p. 241 (99-III-69), U.S. note 16(c)(ix)",CBP CSMS #68855869 list,
sample,U.S. note 16(c)(ix),85043400,9903.82.10 minimum total 15%; 9903.82.12 +25% (4 origins); 9903.85.68 +200% (RU),"HTS 2026 Rev. 20 ch. 99 PDF p. 241 (99-III-69), U.S. note 16(c)(ix)",CBP CSMS #68855869 list,
sample,U.S. note 16(c)(ix),85049020,9903.82.10 minimum total 15%; 9903.82.12 +25% (4 origins); 9903.85.68 +200% (RU),"HTS 2026 Rev. 20 ch. 99 PDF p. 241 (99-III-69), U.S. note 16(c)(ix)",CBP CSMS #68855869 list,
sample,U.S. note 16(c)(ix),8504909610,9903.82.10 minimum total 15%; 9903.82.12 +25% (4 origins),"HTS 2026 Rev. 20 ch. 99 PDF p. 241 (99-III-69), U.S. note 16(c)(ix)",CBP CSMS #68855869 list,
sample,U.S. note 16(c)(x),8207306062,9903.82.10 minimum total 15%; 9903.82.12 +25% (4 origins); 9903.82.17 +25% (RU),"HTS 2026 Rev. 20 ch. 99 PDF p. 241 (99-III-69), U.S. note 16(c)(x)",CBP CSMS #68855869 list,
sample,U.S. note 16(c)(x),84014000,9903.82.10 minimum total 15%; 9903.82.12 +25% (4 origins); 9903.82.17 +25% (RU),"HTS 2026 Rev. 20 ch. 99 PDF p. 241 (99-III-69), U.S. note 16(c)(x)",CBP CSMS #68855869 list,
sample,U.S. note 16(c)(x),84079010,9903.82.10 minimum total 15%; 9903.82.12 +25% (4 origins); 9903.82.17 +25% (RU),"HTS 2026 Rev. 20 ch. 99 PDF p. 241 (99-III-69), U.S. note 16(c)(x)",CBP CSMS #68855869 list,
sample,U.S. note 16(c)(x),84151090,9903.82.10 minimum total 15%; 9903.82.12 +25% (4 origins); 9903.82.17 +25% (RU),"HTS 2026 Rev. 20 ch. 99 PDF p. 241 (99-III-69), U.S. note 16(c)(x)",CBP CSMS #68855869 list,
sample,U.S. note 16(c)(x),84179000,9903.82.10 minimum total 15%; 9903.82.12 +25% (4 origins); 9903.82.17 +25% (RU),"HTS 2026 Rev. 20 ch. 99 PDF p. 241 (99-III-69), U.S. note 16(c)(x)",CBP CSMS #68855869 list,
sample,U.S. note 16(c)(x),84283300,9903.82.10 minimum total 15%; 9903.82.12 +25% (4 origins); 9903.82.17 +25% (RU),"HTS 2026 Rev. 20 ch. 99 PDF p. 241 (99-III-69), U.S. note 16(c)(x)",CBP CSMS #68855869 list,
sample,U.S. note 16(c)(x),84283900,9903.82.10 minimum total 15%; 9903.82.12 +25% (4 origins); 9903.82.17 +25% (RU),"HTS 2026 Rev. 20 ch. 99 PDF p. 241 (99-III-69), U.S. note 16(c)(x)",CBP CSMS #68855869 list,
sample,U.S. note 16(c)(x),84286000,9903.82.10 minimum total 15%; 9903.82.12 +25% (4 origins); 9903.82.17 +25% (RU),"HTS 2026 Rev. 20 ch. 99 PDF p. 241 (99-III-69), U.S. note 16(c)(x)",CBP CSMS #68855869 list,
sample,U.S. note 16(c)(x),84332000,9903.82.10 minimum total 15%; 9903.82.12 +25% (4 origins); 9903.82.17 +25% (RU),"HTS 2026 Rev. 20 ch. 99 PDF p. 241 (99-III-69), U.S. note 16(c)(x)",CBP CSMS #68855869 list,
sample,U.S. note 16(c)(x),84335100,9903.82.10 minimum total 15%; 9903.82.12 +25% (4 origins); 9903.82.17 +25% (RU),"HTS 2026 Rev. 20 ch. 99 PDF p. 241 (99-III-69), U.S. note 16(c)(x)",CBP CSMS #68855869 list,
sample,U.S. note 16(c)(x),8454200010,9903.82.10 minimum total 15%; 9903.82.12 +25% (4 origins); 9903.82.17 +25% (RU),"HTS 2026 Rev. 20 ch. 99 PDF p. 241 (99-III-69), U.S. note 16(c)(x)",CBP CSMS #68855869 list,
sample,U.S. note 16(c)(x),84553000,9903.82.10 minimum total 15%; 9903.82.12 +25% (4 origins); 9903.82.17 +25% (RU),"HTS 2026 Rev. 20 ch. 99 PDF p. 241 (99-III-69), U.S. note 16(c)(x)",CBP CSMS #68855869 list,
sample,U.S. note 16(c)(x),84771090,9903.82.10 minimum total 15%; 9903.82.12 +25% (4 origins); 9903.82.17 +25% (RU),"HTS 2026 Rev. 20 ch. 99 PDF p. 241 (99-III-69), U.S. note 16(c)(x)",CBP CSMS #68855869 list,
sample,U.S. note 16(c)(x),84798955,9903.82.10 minimum total 15%; 9903.82.12 +25% (4 origins); 9903.82.17 +25% (RU),"HTS 2026 Rev. 20 ch. 99 PDF p. 241 (99-III-69), U.S. note 16(c)(x)",CBP CSMS #68855869 list,
sample,U.S. note 16(c)(x),8480490010,9903.82.10 minimum total 15%; 9903.82.12 +25% (4 origins); 9903.82.17 +25% (RU),"HTS 2026 Rev. 20 ch. 99 PDF p. 241 (99-III-69), U.S. note 16(c)(x)",CBP CSMS #68855869 list,
sample,U.S. note 16(c)(x),8480718045,9903.82.10 minimum total 15%; 9903.82.12 +25% (4 origins); 9903.82.17 +25% (RU),"HTS 2026 Rev. 20 ch. 99 PDF p. 241 (99-III-69), U.S. note 16(c)(x)",CBP CSMS #68855869 list,
sample,U.S. note 16(c)(x),8480718060,9903.82.10 minimum total 15%; 9903.82.12 +25% (4 origins); 9903.82.17 +25% (RU),"HTS 2026 Rev. 20 ch. 99 PDF p. 241 (99-III-69), U.S. note 16(c)(x)",CBP CSMS #68855869 list,
sample,U.S. note 16(c)(x),8480799010,9903.82.10 minimum total 15%; 9903.82.12 +25% (4 origins); 9903.82.17 +25% (RU),"HTS 2026 Rev. 20 ch. 99 PDF p. 241 (99-III-69), U.S. note 16(c)(x)",CBP CSMS #68855869 list,
sample,U.S. note 16(c)(x),84839020,9903.82.10 minimum total 15%; 9903.82.12 +25% (4 origins); 9903.82.17 +25% (RU),"HTS 2026 Rev. 20 ch. 99 PDF p. 241 (99-III-69), U.S. note 16(c)(x)",CBP CSMS #68855869 list,
sample,U.S. note 16(c)(x),85162900,9903.82.10 minimum total 15%; 9903.82.12 +25% (4 origins); 9903.82.17 +25% (RU),"HTS 2026 Rev. 20 ch. 99 PDF p. 241 (99-III-69), U.S. note 16(c)(x)",CBP CSMS #68855869 list,
sample,U.S. note 16(c)(x),87019410,9903.82.10 minimum total 15%; 9903.82.12 +25% (4 origins); 9903.82.17 +25% (RU),"HTS 2026 Rev. 20 ch. 99 PDF p. 241 (99-III-69), U.S. note 16(c)(x)",CBP CSMS #68855869 list,
sample,U.S. note 16(c)(x),87032101,9903.82.10 minimum total 15%; 9903.82.12 +25% (4 origins); 9903.82.17 +25% (RU),"HTS 2026 Rev. 20 ch. 99 PDF p. 241 (99-III-69), U.S. note 16(c)(x)",CBP CSMS #68855869 list,
sample,U.S. note 16(c)(x),87089210,9903.82.10 minimum total 15%; 9903.82.12 +25% (4 origins); 9903.82.17 +25% (RU),"HTS 2026 Rev. 20 ch. 99 PDF p. 241 (99-III-69), U.S. note 16(c)(x)",CBP CSMS #68855869 list,
sample,U.S. note 16(c)(x),87089330,9903.82.10 minimum total 15%; 9903.82.12 +25% (4 origins); 9903.82.17 +25% (RU),"HTS 2026 Rev. 20 ch. 99 PDF p. 241 (99-III-69), U.S. note 16(c)(x)",CBP CSMS #68855869 list,
sample,U.S. note 16(c)(x),87169010,9903.82.10 minimum total 15%; 9903.82.12 +25% (4 origins); 9903.82.17 +25% (RU),"HTS 2026 Rev. 20 ch. 99 PDF p. 241 (99-III-69), U.S. note 16(c)(x)",CBP CSMS #68855869 list,
sample,U.S. note 16(c)(xi),84272040,9903.82.09 +25%; 9903.82.16 +25% (RU),"HTS 2026 Rev. 20 ch. 99 PDF p. 241 (99-III-69), U.S. note 16(c)(xi)",CBP CSMS #68855869 list,
sample,U.S. note 16(c)(xi),84279000,9903.82.09 +25%; 9903.82.16 +25% (RU),"HTS 2026 Rev. 20 ch. 99 PDF p. 241 (99-III-69), U.S. note 16(c)(xi)",CBP CSMS #68855869 list,
sample,U.S. note 16(c)(xi),84295150,9903.82.09 +25%; 9903.82.16 +25% (RU),"HTS 2026 Rev. 20 ch. 99 PDF p. 241 (99-III-69), U.S. note 16(c)(xi)",CBP CSMS #68855869 list,
sample,U.S. note 16(c)(xi),84295210,9903.82.09 +25%; 9903.82.16 +25% (RU),"HTS 2026 Rev. 20 ch. 99 PDF p. 241 (99-III-69), U.S. note 16(c)(xi)",CBP CSMS #68855869 list,
sample,U.S. note 16(c)(xi),84314990,9903.82.09 +25%; 9903.82.16 +25% (RU),"HTS 2026 Rev. 20 ch. 99 PDF p. 241 (99-III-69), U.S. note 16(c)(xi)",CBP CSMS #68855869 list,
mismatch,C: 9903.82.13,86011000,,-,CBP CSMS #68855869 list,"in CBP's list for this heading, not in the seeded scope"
mismatch,C: 9903.82.13,86012000,,-,CBP CSMS #68855869 list,"in CBP's list for this heading, not in the seeded scope"
mismatch,C: 9903.82.13,86021000,,-,CBP CSMS #68855869 list,"in CBP's list for this heading, not in the seeded scope"
mismatch,C: 9903.82.13,86029000,,-,CBP CSMS #68855869 list,"in CBP's list for this heading, not in the seeded scope"
mismatch,C: 9903.82.13,86031000,,-,CBP CSMS #68855869 list,"in CBP's list for this heading, not in the seeded scope"
mismatch,C: 9903.82.13,86039000,,-,CBP CSMS #68855869 list,"in CBP's list for this heading, not in the seeded scope"
mismatch,C: 9903.82.13,86040000,,-,CBP CSMS #68855869 list,"in CBP's list for this heading, not in the seeded scope"
mismatch,C: 9903.82.13,86050000,,-,CBP CSMS #68855869 list,"in CBP's list for this heading, not in the seeded scope"
mismatch,C: 9903.82.13,86061000,,-,CBP CSMS #68855869 list,"in CBP's list for this heading, not in the seeded scope"
mismatch,C: 9903.82.13,86071100,,-,CBP CSMS #68855869 list,"in CBP's list for this heading, not in the seeded scope"
mismatch,C: 9903.82.13,86071903,,-,CBP CSMS #68855869 list,"in CBP's list for this heading, not in the seeded scope"
mismatch,C: 9903.82.13,86071906,,-,CBP CSMS #68855869 list,"in CBP's list for this heading, not in the seeded scope"
mismatch,C: 9903.82.13,86071912,,-,CBP CSMS #68855869 list,"in CBP's list for this heading, not in the seeded scope"
mismatch,C: 9903.82.13,86071915,,-,CBP CSMS #68855869 list,"in CBP's list for this heading, not in the seeded scope"
mismatch,C: 9903.82.13,86071990,,-,CBP CSMS #68855869 list,"in CBP's list for this heading, not in the seeded scope"
mismatch,C: 9903.82.13,86072150,,-,CBP CSMS #68855869 list,"in CBP's list for this heading, not in the seeded scope"
mismatch,C: 9903.82.13,8607301010,,-,CBP CSMS #68855869 list,"in CBP's list for this heading, not in the seeded scope"
mismatch,C: 9903.82.13,8607301050,,-,CBP CSMS #68855869 list,"in CBP's list for this heading, not in the seeded scope"
mismatch,C: 9903.82.13,8607301090,,-,CBP CSMS #68855869 list,"in CBP's list for this heading, not in the seeded scope"
mismatch,C: 9903.82.13,86073050,,-,CBP CSMS #68855869 list,"in CBP's list for this heading, not in the seeded scope"
mismatch,C: 9903.82.13,86079100,,-,CBP CSMS #68855869 list,"in CBP's list for this heading, not in the seeded scope"
mismatch,C: 9903.82.13,86079950,,-,CBP CSMS #68855869 list,"in CBP's list for this heading, not in the seeded scope"
mismatch,C: 9903.82.13,86090000,,-,CBP CSMS #68855869 list,"in CBP's list for this heading, not in the seeded scope"
mismatch,"C: 9903.82.23, 9903.82.24, 9903.82.25, 9903.82.26",86011000,,-,CBP CSMS #68855869 list,"in CBP's list for this heading, not in the seeded scope"
mismatch,"C: 9903.82.23, 9903.82.24, 9903.82.25, 9903.82.26",86012000,,-,CBP CSMS #68855869 list,"in CBP's list for this heading, not in the seeded scope"
mismatch,"C: 9903.82.23, 9903.82.24, 9903.82.25, 9903.82.26",86021000,,-,CBP CSMS #68855869 list,"in CBP's list for this heading, not in the seeded scope"
mismatch,"C: 9903.82.23, 9903.82.24, 9903.82.25, 9903.82.26",86029000,,-,CBP CSMS #68855869 list,"in CBP's list for this heading, not in the seeded scope"
mismatch,"C: 9903.82.23, 9903.82.24, 9903.82.25, 9903.82.26",86031000,,-,CBP CSMS #68855869 list,"in CBP's list for this heading, not in the seeded scope"
mismatch,"C: 9903.82.23, 9903.82.24, 9903.82.25, 9903.82.26",86039000,,-,CBP CSMS #68855869 list,"in CBP's list for this heading, not in the seeded scope"
mismatch,"C: 9903.82.23, 9903.82.24, 9903.82.25, 9903.82.26",86040000,,-,CBP CSMS #68855869 list,"in CBP's list for this heading, not in the seeded scope"
mismatch,"C: 9903.82.23, 9903.82.24, 9903.82.25, 9903.82.26",86050000,,-,CBP CSMS #68855869 list,"in CBP's list for this heading, not in the seeded scope"
mismatch,"C: 9903.82.23, 9903.82.24, 9903.82.25, 9903.82.26",86061000,,-,CBP CSMS #68855869 list,"in CBP's list for this heading, not in the seeded scope"
mismatch,"C: 9903.82.23, 9903.82.24, 9903.82.25, 9903.82.26",86071100,,-,CBP CSMS #68855869 list,"in CBP's list for this heading, not in the seeded scope"
mismatch,"C: 9903.82.23, 9903.82.24, 9903.82.25, 9903.82.26",86071903,,-,CBP CSMS #68855869 list,"in CBP's list for this heading, not in the seeded scope"
mismatch,"C: 9903.82.23, 9903.82.24, 9903.82.25, 9903.82.26",86071906,,-,CBP CSMS #68855869 list,"in CBP's list for this heading, not in the seeded scope"
mismatch,"C: 9903.82.23, 9903.82.24, 9903.82.25, 9903.82.26",86071912,,-,CBP CSMS #68855869 list,"in CBP's list for this heading, not in the seeded scope"
mismatch,"C: 9903.82.23, 9903.82.24, 9903.82.25, 9903.82.26",86071915,,-,CBP CSMS #68855869 list,"in CBP's list for this heading, not in the seeded scope"
mismatch,"C: 9903.82.23, 9903.82.24, 9903.82.25, 9903.82.26",86071990,,-,CBP CSMS #68855869 list,"in CBP's list for this heading, not in the seeded scope"
mismatch,"C: 9903.82.23, 9903.82.24, 9903.82.25, 9903.82.26",86072150,,-,CBP CSMS #68855869 list,"in CBP's list for this heading, not in the seeded scope"
mismatch,"C: 9903.82.23, 9903.82.24, 9903.82.25, 9903.82.26",8607301010,,-,CBP CSMS #68855869 list,"in CBP's list for this heading, not in the seeded scope"
mismatch,"C: 9903.82.23, 9903.82.24, 9903.82.25, 9903.82.26",8607301050,,-,CBP CSMS #68855869 list,"in CBP's list for this heading, not in the seeded scope"
mismatch,"C: 9903.82.23, 9903.82.24, 9903.82.25, 9903.82.26",8607301090,,-,CBP CSMS #68855869 list,"in CBP's list for this heading, not in the seeded scope"
mismatch,"C: 9903.82.23, 9903.82.24, 9903.82.25, 9903.82.26",86073050,,-,CBP CSMS #68855869 list,"in CBP's list for this heading, not in the seeded scope"
mismatch,"C: 9903.82.23, 9903.82.24, 9903.82.25, 9903.82.26",86079100,,-,CBP CSMS #68855869 list,"in CBP's list for this heading, not in the seeded scope"
mismatch,"C: 9903.82.23, 9903.82.24, 9903.82.25, 9903.82.26",86079950,,-,CBP CSMS #68855869 list,"in CBP's list for this heading, not in the seeded scope"
mismatch,"C: 9903.82.23, 9903.82.24, 9903.82.25, 9903.82.26",86090000,,-,CBP CSMS #68855869 list,"in CBP's list for this heading, not in the seeded scope"
mismatch,C: 9903.85.67,76169951,,"HTS 2026 Rev. 20 ch. 99 PDF p. 254 (99-III-82), U.S. note 19(g)",CBP CSMS #68855869 list,"seeded from the HTS note, not in CBP's list for this heading"
mismatch,C: 9903.85.67,7616995160,,-,CBP CSMS #68855869 list,"in CBP's list for this heading, not in the seeded scope"
mismatch,C: 9903.85.67,7616995170,,-,CBP CSMS #68855869 list,"in CBP's list for this heading, not in the seeded scope"
mismatch,C: 9903.85.68,87082921,,"HTS 2026 Rev. 20 ch. 99 PDF p. 255 (99-III-83), U.S. note 19(i)",CBP CSMS #68855869 list,"seeded from the HTS note, not in CBP's list for this heading"
mismatch,C: 9903.85.68,7612100000,,"HTS 2026 Rev. 20 ch. 99 PDF p. 255 (99-III-83), U.S. note 19(j)",CBP CSMS #68855869 list,"seeded from the HTS note, not in CBP's list for this heading"
mismatch,C: 9903.85.68,7612905000,,"HTS 2026 Rev. 20 ch. 99 PDF p. 255 (99-III-83), U.S. note 19(j)",CBP CSMS #68855869 list,"seeded from the HTS note, not in CBP's list for this heading"
mismatch,C: 9903.85.68,7613000000,,"HTS 2026 Rev. 20 ch. 99 PDF p. 255 (99-III-83), U.S. note 19(j)",CBP CSMS #68855869 list,"seeded from the HTS note, not in CBP's list for this heading"
mismatch,C: 9903.85.68,7615109100,,"HTS 2026 Rev. 20 ch. 99 PDF p. 255 (99-III-83), U.S. note 19(j)",CBP CSMS #68855869 list,"seeded from the HTS note, not in CBP's list for this heading"
mismatch,C: 9903.85.68,7615200000,,"HTS 2026 Rev. 20 ch. 99 PDF p. 255 (99-III-83), U.S. note 19(j)",CBP CSMS #68855869 list,"seeded from the HTS note, not in CBP's list for this heading"
mismatch,C: 9903.85.68,7616991000,,"HTS 2026 Rev. 20 ch. 99 PDF p. 255 (99-III-83), U.S. note 19(j)",CBP CSMS #68855869 list,"seeded from the HTS note, not in CBP's list for this heading"
mismatch,C: 9903.85.68,04029968,,"HTS 2026 Rev. 20 ch. 99 PDF p. 256 (99-III-84), U.S. note 19(k)",CBP CSMS #68855869 list,"seeded from the HTS note, not in CBP's list for this heading"
mismatch,C: 9903.85.68,04029970,,"HTS 2026 Rev. 20 ch. 99 PDF p. 256 (99-III-84), U.S. note 19(k)",CBP CSMS #68855869 list,"seeded from the HTS note, not in CBP's list for this heading"
mismatch,C: 9903.85.68,04029990,,"HTS 2026 Rev. 20 ch. 99 PDF p. 256 (99-III-84), U.S. note 19(k)",CBP CSMS #68855869 list,"seeded from the HTS note, not in CBP's list for this heading"
mismatch,C: 9903.85.68,2106909998,,"HTS 2026 Rev. 20 ch. 99 PDF p. 256 (99-III-84), U.S. note 19(k)",CBP CSMS #68855869 list,"seeded from the HTS note, not in CBP's list for this heading"
mismatch,C: 9903.85.68,22030000,,"HTS 2026 Rev. 20 ch. 99 PDF p. 256 (99-III-84), U.S. note 19(k)",CBP CSMS #68855869 list,"seeded from the HTS note, not in CBP's list for this heading"
mismatch,C: 9903.85.68,2710193050,,"HTS 2026 Rev. 20 ch. 99 PDF p. 256 (99-III-84), U.S. note 19(k)",CBP CSMS #68855869 list,"seeded from the HTS note, not in CBP's list for this heading"
mismatch,C: 9903.85.68,29034310,,"HTS 2026 Rev. 20 ch. 99 PDF p. 256 (99-III-84), U.S. note 19(k)",CBP CSMS #68855869 list,"seeded from the HTS note, not in CBP's list for this heading"
mismatch,C: 9903.85.68,29034510,,"HTS 2026 Rev. 20 ch. 99 PDF p. 256 (99-III-84), U.S. note 19(k)",CBP CSMS #68855869 list,"seeded from the HTS note, not in CBP's list for this heading"
mismatch,C: 9903.85.68,29034900,,"HTS 2026 Rev. 20 ch. 99 PDF p. 256 (99-III-84), U.S. note 19(k)",CBP CSMS #68855869 list,"seeded from the HTS note, not in CBP's list for this heading"
mismatch,C: 9903.85.68,29035110,,"HTS 2026 Rev. 20 ch. 99 PDF p. 256 (99-III-84), U.S. note 19(k)",CBP CSMS #68855869 list,"seeded from the HTS note, not in CBP's list for this heading"
mismatch,C: 9903.85.68,29035990,,"HTS 2026 Rev. 20 ch. 99 PDF p. 256 (99-III-84), U.S. note 19(k)",CBP CSMS #68855869 list,"seeded from the HTS note, not in CBP's list for this heading"
mismatch,C: 9903.85.68,3004909244,,"HTS 2026 Rev. 20 ch. 99 PDF p. 256 (99-III-84), U.S. note 19(k)",CBP CSMS #68855869 list,"seeded from the HTS note, not in CBP's list for this heading"
mismatch,C: 9903.85.68,32081000,,"HTS 2026 Rev. 20 ch. 99 PDF p. 256 (99-III-84), U.S. note 19(k)",CBP CSMS #68855869 list,"seeded from the HTS note, not in CBP's list for this heading"
mismatch,C: 9903.85.68,32082000,,"HTS 2026 Rev. 20 ch. 99 PDF p. 256 (99-III-84), U.S. note 19(k)",CBP CSMS #68855869 list,"seeded from the HTS note, not in CBP's list for this heading"
mismatch,C: 9903.85.68,32089000,,"HTS 2026 Rev. 20 ch. 99 PDF p. 256 (99-III-84), U.S. note 19(k)",CBP CSMS #68855869 list,"seeded from the HTS note, not in CBP's list for this heading"
mismatch,C: 9903.85.68,32091000,,"HTS 2026 Rev. 20 ch. 99 PDF p. 256 (99-III-84), U.S. note 19(k)",CBP CSMS #68855869 list,"seeded from the HTS note, not in CBP's list for this heading"
mismatch,C: 9903.85.68,32099000,,"HTS 2026 Rev. 20 ch. 99 PDF p. 256 (99-III-84), U.S. note 19(k)",CBP CSMS #68855869 list,"seeded from the HTS note, not in CBP's list for this heading"
mismatch,C: 9903.85.68,32139000,,"HTS 2026 Rev. 20 ch. 99 PDF p. 256 (99-III-84), U.S. note 19(k)",CBP CSMS #68855869 list,"seeded from the HTS note, not in CBP's list for this heading"
mismatch,C: 9903.85.68,32141000,,"HTS 2026 Rev. 20 ch. 99 PDF p. 256 (99-III-84), U.S. note 19(k)",CBP CSMS #68855869 list,"seeded from the HTS note, not in CBP's list for this heading"
mismatch,C: 9903.85.68,33030010,,"HTS 2026 Rev. 20 ch. 99 PDF p. 256 (99-III-84), U.S. note 19(k)",CBP CSMS #68855869 list,"seeded from the HTS note, not in CBP's list for this heading"
mismatch,C: 9903.85.68,33030020,,"HTS 2026 Rev. 20 ch. 99 PDF p. 256 (99-III-84), U.S. note 19(k)",CBP CSMS #68855869 list,"seeded from the HTS note, not in CBP's list for this heading"
mismatch,C: 9903.85.68,33030030,,"HTS 2026 Rev. 20 ch. 99 PDF p. 256 (99-III-84), U.S. note 19(k)",CBP CSMS #68855869 list,"seeded from the HTS note, not in CBP's list for this heading"
mismatch,C: 9903.85.68,33043000,,"HTS 2026 Rev. 20 ch. 99 PDF p. 256 (99-III-84), U.S. note 19(k)",CBP CSMS #68855869 list,"seeded from the HTS note, not in CBP's list for this heading"
mismatch,C: 9903.85.68,33049950,,"HTS 2026 Rev. 20 ch. 99 PDF p. 256 (99-III-84), U.S. note 19(k)",CBP CSMS #68855869 list,"seeded from the HTS note, not in CBP's list for this heading"
mismatch,C: 9903.85.68,33051000,,"HTS 2026 Rev. 20 ch. 99 PDF p. 256 (99-III-84), U.S. note 19(k)",CBP CSMS #68855869 list,"seeded from the HTS note, not in CBP's list for this heading"
mismatch,C: 9903.85.68,33053000,,"HTS 2026 Rev. 20 ch. 99 PDF p. 256 (99-III-84), U.S. note 19(k)",CBP CSMS #68855869 list,"seeded from the HTS note, not in CBP's list for this heading"
mismatch,C: 9903.85.68,33059000,,"HTS 2026 Rev. 20 ch. 99 PDF p. 256 (99-III-84), U.S. note 19(k)",CBP CSMS #68855869 list,"seeded from the HTS note, not in CBP's list for this heading"
mismatch,C: 9903.85.68,33069000,,"HTS 2026 Rev. 20 ch. 99 PDF p. 256 (99-III-84), U.S. note 19(k)",CBP CSMS #68855869 list,"seeded from the HTS note, not in CBP's list for this heading"
mismatch,C: 9903.85.68,33071010,,"HTS 2026 Rev. 20 ch. 99 PDF p. 256 (99-III-84), U.S. note 19(k)",CBP CSMS #68855869 list,"seeded from the HTS note, not in CBP's list for this heading"
mismatch,C: 9903.85.68,33071020,,"HTS 2026 Rev. 20 ch. 99 PDF p. 256 (99-III-84), U.S. note 19(k)",CBP CSMS #68855869 list,"seeded from the HTS note, not in CBP's list for this heading"
mismatch,C: 9903.85.68,33072000,,"HTS 2026 Rev. 20 ch. 99 PDF p. 256 (99-III-84), U.S. note 19(k)",CBP CSMS #68855869 list,"seeded from the HTS note, not in CBP's list for this heading"
mismatch,C: 9903.85.68,33074900,,"HTS 2026 Rev. 20 ch. 99 PDF p. 256 (99-III-84), U.S. note 19(k)",CBP CSMS #68855869 list,"seeded from the HTS note, not in CBP's list for this heading"
mismatch,C: 9903.85.68,33079000,,"HTS 2026 Rev. 20 ch. 99 PDF p. 256 (99-III-84), U.S. note 19(k)",CBP CSMS #68855869 list,"seeded from the HTS note, not in CBP's list for this heading"
mismatch,C: 9903.85.68,34013010,,"HTS 2026 Rev. 20 ch. 99 PDF p. 256 (99-III-84), U.S. note 19(k)",CBP CSMS #68855869 list,"seeded from the HTS note, not in CBP's list for this heading"
mismatch,C: 9903.85.68,34013050,,"HTS 2026 Rev. 20 ch. 99 PDF p. 256 (99-III-84), U.S. note 19(k)",CBP CSMS #68855869 list,"seeded from the HTS note, not in CBP's list for this heading"
mismatch,C: 9903.85.68,34023190,,"HTS 2026 Rev. 20 ch. 99 PDF p. 256 (99-III-84), U.S. note 19(k)",CBP CSMS #68855869 list,"seeded from the HTS note, not in CBP's list for this heading"
mismatch,C: 9903.85.68,34024990,,"HTS 2026 Rev. 20 ch. 99 PDF p. 256 (99-III-84), U.S. note 19(k)",CBP CSMS #68855869 list,"seeded from the HTS note, not in CBP's list for this heading"
mismatch,C: 9903.85.68,34025011,,"HTS 2026 Rev. 20 ch. 99 PDF p. 256 (99-III-84), U.S. note 19(k)",CBP CSMS #68855869 list,"seeded from the HTS note, not in CBP's list for this heading"
mismatch,C: 9903.85.68,34025051,,"HTS 2026 Rev. 20 ch. 99 PDF p. 256 (99-III-84), U.S. note 19(k)",CBP CSMS #68855869 list,"seeded from the HTS note, not in CBP's list for this heading"
mismatch,C: 9903.85.68,34029010,,"HTS 2026 Rev. 20 ch. 99 PDF p. 256 (99-III-84), U.S. note 19(k)",CBP CSMS #68855869 list,"seeded from the HTS note, not in CBP's list for this heading"
mismatch,C: 9903.85.68,34029030,,"HTS 2026 Rev. 20 ch. 99 PDF p. 256 (99-III-84), U.S. note 19(k)",CBP CSMS #68855869 list,"seeded from the HTS note, not in CBP's list for this heading"
mismatch,C: 9903.85.68,34029050,,"HTS 2026 Rev. 20 ch. 99 PDF p. 256 (99-III-84), U.S. note 19(k)",CBP CSMS #68855869 list,"seeded from the HTS note, not in CBP's list for this heading"
mismatch,C: 9903.85.68,34031910,,"HTS 2026 Rev. 20 ch. 99 PDF p. 256 (99-III-84), U.S. note 19(k)",CBP CSMS #68855869 list,"seeded from the HTS note, not in CBP's list for this heading"
mismatch,C: 9903.85.68,34031950,,"HTS 2026 Rev. 20 ch. 99 PDF p. 256 (99-III-84), U.S. note 19(k)",CBP CSMS #68855869 list,"seeded from the HTS note, not in CBP's list for this heading"
mismatch,C: 9903.85.68,34039900,,"HTS 2026 Rev. 20 ch. 99 PDF p. 256 (99-III-84), U.S. note 19(k)",CBP CSMS #68855869 list,"seeded from the HTS note, not in CBP's list for this heading"
mismatch,C: 9903.85.68,34051000,,"HTS 2026 Rev. 20 ch. 99 PDF p. 256 (99-III-84), U.S. note 19(k)",CBP CSMS #68855869 list,"seeded from the HTS note, not in CBP's list for this heading"
mismatch,C: 9903.85.68,34052000,,"HTS 2026 Rev. 20 ch. 99 PDF p. 256 (99-III-84), U.S. note 19(k)",CBP CSMS #68855869 list,"seeded from the HTS note, not in CBP's list for this heading"
mismatch,C: 9903.85.68,34054000,,"HTS 2026 Rev. 20 ch. 99 PDF p. 256 (99-III-84), U.S. note 19(k)",CBP CSMS #68855869 list,"seeded from the HTS note, not in CBP's list for this heading"
mismatch,C: 9903.85.68,34059000,,"HTS 2026 Rev. 20 ch. 99 PDF p. 256 (99-III-84), U.S. note 19(k)",CBP CSMS #68855869 list,"seeded from the HTS note, not in CBP's list for this heading"
mismatch,C: 9903.85.68,35061050,,"HTS 2026 Rev. 20 ch. 99 PDF p. 256 (99-III-84), U.S. note 19(k)",CBP CSMS #68855869 list,"seeded from the HTS note, not in CBP's list for this heading"
mismatch,C: 9903.85.68,35069110,,"HTS 2026 Rev. 20 ch. 99 PDF p. 256 (99-III-84), U.S. note 19(k)",CBP CSMS #68855869 list,"seeded from the HTS note, not in CBP's list for this heading"
mismatch,C: 9903.85.68,35069150,,"HTS 2026 Rev. 20 ch. 99 PDF p. 256 (99-III-84), U.S. note 19(k)",CBP CSMS #68855869 list,"seeded from the HTS note, not in CBP's list for this heading"
mismatch,C: 9903.85.68,35069900,,"HTS 2026 Rev. 20 ch. 99 PDF p. 256 (99-III-84), U.S. note 19(k)",CBP CSMS #68855869 list,"seeded from the HTS note, not in CBP's list for this heading"
mismatch,C: 9903.85.68,3701300000,,"HTS 2026 Rev. 20 ch. 99 PDF p. 256 (99-III-84), U.S. note 19(k)",CBP CSMS #68855869 list,"seeded from the HTS note, not in CBP's list for this heading"
mismatch,C: 9903.85.68,38085910,,"HTS 2026 Rev. 20 ch. 99 PDF p. 256 (99-III-84), U.S. note 19(k)",CBP CSMS #68855869 list,"seeded from the HTS note, not in CBP's list for this heading"
mismatch,C: 9903.85.68,38085940,,"HTS 2026 Rev. 20 ch. 99 PDF p. 256 (99-III-84), U.S. note 19(k)",CBP CSMS #68855869 list,"seeded from the HTS note, not in CBP's list for this heading"
mismatch,C: 9903.85.68,38086110,,"HTS 2026 Rev. 20 ch. 99 PDF p. 256 (99-III-84), U.S. note 19(k)",CBP CSMS #68855869 list,"seeded from the HTS note, not in CBP's list for this heading"
mismatch,C: 9903.85.68,38086150,,"HTS 2026 Rev. 20 ch. 99 PDF p. 256 (99-III-84), U.S. note 19(k)",CBP CSMS #68855869 list,"seeded from the HTS note, not in CBP's list for this heading"
mismatch,C: 9903.85.68,38086210,,"HTS 2026 Rev. 20 ch. 99 PDF p. 256 (99-III-84), U.S. note 19(k)",CBP CSMS #68855869 list,"seeded from the HTS note, not in CBP's list for this heading"
mismatch,C: 9903.85.68,38086250,,"HTS 2026 Rev. 20 ch. 99 PDF p. 256 (99-III-84), U.S. note 19(k)",CBP CSMS #68855869 list,"seeded from the HTS note, not in CBP's list for this heading"
mismatch,C: 9903.85.68,38086910,,"HTS 2026 Rev. 20 ch. 99 PDF p. 256 (99-III-84), U.S. note 19(k)",CBP CSMS #68855869 list,"seeded from the HTS note, not in CBP's list for this heading"
mismatch,C: 9903.85.68,38086950,,"HTS 2026 Rev. 20 ch. 99 PDF p. 256 (99-III-84), U.S. note 19(k)",CBP CSMS #68855869 list,"seeded from the HTS note, not in CBP's list for this heading"
mismatch,C: 9903.85.68,38089115,,"HTS 2026 Rev. 20 ch. 99 PDF p. 256 (99-III-84), U.S. note 19(k)",CBP CSMS #68855869 list,"seeded from the HTS note, not in CBP's list for this heading"
mismatch,C: 9903.85.68,38089125,,"HTS 2026 Rev. 20 ch. 99 PDF p. 256 (99-III-84), U.S. note 19(k)",CBP CSMS #68855869 list,"seeded from the HTS note, not in CBP's list for this heading"
mismatch,C: 9903.85.68,38089130,,"HTS 2026 Rev. 20 ch. 99 PDF p. 256 (99-III-84), U.S. note 19(k)",CBP CSMS #68855869 list,"seeded from the HTS note, not in CBP's list for this heading"
mismatch,C: 9903.85.68,38089150,,"HTS 2026 Rev. 20 ch. 99 PDF p. 256 (99-III-84), U.S. note 19(k)",CBP CSMS #68855869 list,"seeded from the HTS note, not in CBP's list for this heading"
mismatch,C: 9903.85.68,38089410,,"HTS 2026 Rev. 20 ch. 99 PDF p. 256 (99-III-84), U.S. note 19(k)",CBP CSMS #68855869 list,"seeded from the HTS note, not in CBP's list for this heading"
mismatch,C: 9903.85.68,38089450,,"HTS 2026 Rev. 20 ch. 99 PDF p. 256 (99-III-84), U.S. note 19(k)",CBP CSMS #68855869 list,"seeded from the HTS note, not in CBP's list for this heading"
mismatch,C: 9903.85.68,38099100,,"HTS 2026 Rev. 20 ch. 99 PDF p. 256 (99-III-84), U.S. note 19(k)",CBP CSMS #68855869 list,"seeded from the HTS note, not in CBP's list for this heading"
mismatch,C: 9903.85.68,38101000,,"HTS 2026 Rev. 20 ch. 99 PDF p. 256 (99-III-84), U.S. note 19(k)",CBP CSMS #68855869 list,"seeded from the HTS note, not in CBP's list for this heading"
mismatch,C: 9903.85.68,38111900,,"HTS 2026 Rev. 20 ch. 99 PDF p. 256 (99-III-84), U.S. note 19(k)",CBP CSMS #68855869 list,"seeded from the HTS note, not in CBP's list for this heading"
mismatch,C: 9903.85.68,38112100,,"HTS 2026 Rev. 20 ch. 99 PDF p. 256 (99-III-84), U.S. note 19(k)",CBP CSMS #68855869 list,"seeded from the HTS note, not in CBP's list for this heading"
mismatch,C: 9903.85.68,38140010,,"HTS 2026 Rev. 20 ch. 99 PDF p. 256 (99-III-84), U.S. note 19(k)",CBP CSMS #68855869 list,"seeded from the HTS note, not in CBP's list for this heading"
mismatch,C: 9903.85.68,38140020,,"HTS 2026 Rev. 20 ch. 99 PDF p. 256 (99-III-84), U.S. note 19(k)",CBP CSMS #68855869 list,"seeded from the HTS note, not in CBP's list for this heading"
mismatch,C: 9903.85.68,38140050,,"HTS 2026 Rev. 20 ch. 99 PDF p. 256 (99-III-84), U.S. note 19(k)",CBP CSMS #68855869 list,"seeded from the HTS note, not in CBP's list for this heading"
mismatch,C: 9903.85.68,38200000,,"HTS 2026 Rev. 20 ch. 99 PDF p. 256 (99-III-84), U.S. note 19(k)",CBP CSMS #68855869 list,"seeded from the HTS note, not in CBP's list for this heading"
mismatch,C: 9903.85.68,3824999397,,"HTS 2026 Rev. 20 ch. 99 PDF p. 256 (99-III-84), U.S. note 19(k)",CBP CSMS #68855869 list,"seeded from the HTS note, not in CBP's list for this heading"
mismatch,C: 9903.85.68,6603908100,,"HTS 2026 Rev. 20 ch. 99 PDF p. 256 (99-III-84), U.S. note 19(k)",CBP CSMS #68855869 list,"seeded from the HTS note, not in CBP's list for this heading"
mismatch,C: 9903.85.68,8302103000,,"HTS 2026 Rev. 20 ch. 99 PDF p. 256 (99-III-84), U.S. note 19(k)",CBP CSMS #68855869 list,"seeded from the HTS note, not in CBP's list for this heading"
mismatch,C: 9903.85.68,8302106030,,"HTS 2026 Rev. 20 ch. 99 PDF p. 256 (99-III-84), U.S. note 19(k)",CBP CSMS #68855869 list,"seeded from the HTS note, not in CBP's list for this heading"
mismatch,C: 9903.85.68,8302106060,,"HTS 2026 Rev. 20 ch. 99 PDF p. 256 (99-III-84), U.S. note 19(k)",CBP CSMS #68855869 list,"seeded from the HTS note, not in CBP's list for this heading"
mismatch,C: 9903.85.68,8302106090,,"HTS 2026 Rev. 20 ch. 99 PDF p. 256 (99-III-84), U.S. note 19(k)",CBP CSMS #68855869 list,"seeded from the HTS note, not in CBP's list for this heading"
mismatch,C: 9903.85.68,8302200000,,"HTS 2026 Rev. 20 ch. 99 PDF p. 256 (99-III-84), U.S. note 19(k)",CBP CSMS #68855869 list,"seeded from the HTS note, not in CBP's list for this heading"
mismatch,C: 9903.85.68,8302413000,,"HTS 2026 Rev. 20 ch. 99 PDF p. 256 (99-III-84), U.S. note 19(k)",CBP CSMS #68855869 list,"seeded from the HTS note, not in CBP's list for this heading"
mismatch,C: 9903.85.68,8302423010,,"HTS 2026 Rev. 20 ch. 99 PDF p. 256 (99-III-84), U.S. note 19(k)",CBP CSMS #68855869 list,"seeded from the HTS note, not in CBP's list for this heading"
mismatch,C: 9903.85.68,8302423015,,"HTS 2026 Rev. 20 ch. 99 PDF p. 256 (99-III-84), U.S. note 19(k)",CBP CSMS #68855869 list,"seeded from the HTS note, not in CBP's list for this heading"
mismatch,C: 9903.85.68,8302423065,,"HTS 2026 Rev. 20 ch. 99 PDF p. 256 (99-III-84), U.S. note 19(k)",CBP CSMS #68855869 list,"seeded from the HTS note, not in CBP's list for this heading"
mismatch,C: 9903.85.68,8302496035,,"HTS 2026 Rev. 20 ch. 99 PDF p. 256 (99-III-84), U.S. note 19(k)",CBP CSMS #68855869 list,"seeded from the HTS note, not in CBP's list for this heading"
mismatch,C: 9903.85.68,8302496045,,"HTS 2026 Rev. 20 ch. 99 PDF p. 256 (99-III-84), U.S. note 19(k)",CBP CSMS #68855869 list,"seeded from the HTS note, not in CBP's list for this heading"
mismatch,C: 9903.85.68,8302496055,,"HTS 2026 Rev. 20 ch. 99 PDF p. 256 (99-III-84), U.S. note 19(k)",CBP CSMS #68855869 list,"seeded from the HTS note, not in CBP's list for this heading"
mismatch,C: 9903.85.68,8302496085,,"HTS 2026 Rev. 20 ch. 99 PDF p. 256 (99-III-84), U.S. note 19(k)",CBP CSMS #68855869 list,"seeded from the HTS note, not in CBP's list for this heading"
mismatch,C: 9903.85.68,8302500000,,"HTS 2026 Rev. 20 ch. 99 PDF p. 256 (99-III-84), U.S. note 19(k)",CBP CSMS #68855869 list,"seeded from the HTS note, not in CBP's list for this heading"
mismatch,C: 9903.85.68,8302603000,,"HTS 2026 Rev. 20 ch. 99 PDF p. 256 (99-III-84), U.S. note 19(k)",CBP CSMS #68855869 list,"seeded from the HTS note, not in CBP's list for this heading"
mismatch,C: 9903.85.68,8302609000,,"HTS 2026 Rev. 20 ch. 99 PDF p. 256 (99-III-84), U.S. note 19(k)",CBP CSMS #68855869 list,"seeded from the HTS note, not in CBP's list for this heading"
mismatch,C: 9903.85.68,8306300000,,"HTS 2026 Rev. 20 ch. 99 PDF p. 256 (99-III-84), U.S. note 19(k)",CBP CSMS #68855869 list,"seeded from the HTS note, not in CBP's list for this heading"
mismatch,C: 9903.85.68,8307906000,,"HTS 2026 Rev. 20 ch. 99 PDF p. 256 (99-III-84), U.S. note 19(k)",CBP CSMS #68855869 list,"seeded from the HTS note, not in CBP's list for this heading"
mismatch,C: 9903.85.68,8415908025,,"HTS 2026 Rev. 20 ch. 99 PDF p. 256 (99-III-84), U.S. note 19(k)",CBP CSMS #68855869 list,"seeded from the HTS note, not in CBP's list for this heading"
mismatch,C: 9903.85.68,8419501000,,"HTS 2026 Rev. 20 ch. 99 PDF p. 256 (99-III-84), U.S. note 19(k)",CBP CSMS #68855869 list,"seeded from the HTS note, not in CBP's list for this heading"
mismatch,C: 9903.85.68,8419505000,,"HTS 2026 Rev. 20 ch. 99 PDF p. 256 (99-III-84), U.S. note 19(k)",CBP CSMS #68855869 list,"seeded from the HTS note, not in CBP's list for this heading"
mismatch,C: 9903.85.68,8419901000,,"HTS 2026 Rev. 20 ch. 99 PDF p. 256 (99-III-84), U.S. note 19(k)",CBP CSMS #68855869 list,"seeded from the HTS note, not in CBP's list for this heading"
mismatch,C: 9903.85.68,8443160000,,"HTS 2026 Rev. 20 ch. 99 PDF p. 256 (99-III-84), U.S. note 19(k)",CBP CSMS #68855869 list,"seeded from the HTS note, not in CBP's list for this heading"
mismatch,C: 9903.85.68,8473302000,,"HTS 2026 Rev. 20 ch. 99 PDF p. 256 (99-III-84), U.S. note 19(k)",CBP CSMS #68855869 list,"seeded from the HTS note, not in CBP's list for this heading"
mismatch,C: 9903.85.68,8473305100,,"HTS 2026 Rev. 20 ch. 99 PDF p. 256 (99-III-84), U.S. note 19(k)",CBP CSMS #68855869 list,"seeded from the HTS note, not in CBP's list for this heading"
mismatch,C: 9903.85.68,8479908500,,"HTS 2026 Rev. 20 ch. 99 PDF p. 256 (99-III-84), U.S. note 19(k)",CBP CSMS #68855869 list,"seeded from the HTS note, not in CBP's list for this heading"
mismatch,C: 9903.85.68,8486900000,,"HTS 2026 Rev. 20 ch. 99 PDF p. 256 (99-III-84), U.S. note 19(k)",CBP CSMS #68855869 list,"seeded from the HTS note, not in CBP's list for this heading"
mismatch,C: 9903.85.68,8502310000,,"HTS 2026 Rev. 20 ch. 99 PDF p. 256 (99-III-84), U.S. note 19(k)",CBP CSMS #68855869 list,"seeded from the HTS note, not in CBP's list for this heading"
mismatch,C: 9903.85.68,85049096,,"HTS 2026 Rev. 20 ch. 99 PDF p. 256 (99-III-84), U.S. note 19(k)",CBP CSMS #68855869 list,"seeded from the HTS note, not in CBP's list for this heading"
mismatch,C: 9903.85.68,8508700000,,"HTS 2026 Rev. 20 ch. 99 PDF p. 256 (99-III-84), U.S. note 19(k)",CBP CSMS #68855869 list,"seeded from the HTS note, not in CBP's list for this heading"
mismatch,C: 9903.85.68,8513902000,,"HTS 2026 Rev. 20 ch. 99 PDF p. 256 (99-III-84), U.S. note 19(k)",CBP CSMS #68855869 list,"seeded from the HTS note, not in CBP's list for this heading"
mismatch,C: 9903.85.68,8515902000,,"HTS 2026 Rev. 20 ch. 99 PDF p. 256 (99-III-84), U.S. note 19(k)",CBP CSMS #68855869 list,"seeded from the HTS note, not in CBP's list for this heading"
mismatch,C: 9903.85.68,8516905000,,"HTS 2026 Rev. 20 ch. 99 PDF p. 256 (99-III-84), U.S. note 19(k)",CBP CSMS #68855869 list,"seeded from the HTS note, not in CBP's list for this heading"
mismatch,C: 9903.85.68,8517710000,,"HTS 2026 Rev. 20 ch. 99 PDF p. 256 (99-III-84), U.S. note 19(k)",CBP CSMS #68855869 list,"seeded from the HTS note, not in CBP's list for this heading"
mismatch,C: 9903.85.68,8517790000,,"HTS 2026 Rev. 20 ch. 99 PDF p. 256 (99-III-84), U.S. note 19(k)",CBP CSMS #68855869 list,"seeded from the HTS note, not in CBP's list for this heading"
mismatch,C: 9903.85.68,8529907300,,"HTS 2026 Rev. 20 ch. 99 PDF p. 256 (99-III-84), U.S. note 19(k)",CBP CSMS #68855869 list,"seeded from the HTS note, not in CBP's list for this heading"
mismatch,C: 9903.85.68,8529909760,,"HTS 2026 Rev. 20 ch. 99 PDF p. 256 (99-III-84), U.S. note 19(k)",CBP CSMS #68855869 list,"seeded from the HTS note, not in CBP's list for this heading"
mismatch,C: 9903.85.68,8538100000,,"HTS 2026 Rev. 20 ch. 99 PDF p. 256 (99-III-84), U.S. note 19(k)",CBP CSMS #68855869 list,"seeded from the HTS note, not in CBP's list for this heading"
mismatch,C: 9903.85.68,8541900000,,"HTS 2026 Rev. 20 ch. 99 PDF p. 256 (99-III-84), U.S. note 19(k)",CBP CSMS #68855869 list,"seeded from the HTS note, not in CBP's list for this heading"
mismatch,C: 9903.85.68,8544492000,,"HTS 2026 Rev. 20 ch. 99 PDF p. 256 (99-III-84), U.S. note 19(k)",CBP CSMS #68855869 list,"seeded from the HTS note, not in CBP's list for this heading"
mismatch,C: 9903.85.68,8544499000,,"HTS 2026 Rev. 20 ch. 99 PDF p. 256 (99-III-84), U.S. note 19(k)",CBP CSMS #68855869 list,"seeded from the HTS note, not in CBP's list for this heading"
mismatch,C: 9903.85.68,8544602000,,"HTS 2026 Rev. 20 ch. 99 PDF p. 256 (99-III-84), U.S. note 19(k)",CBP CSMS #68855869 list,"seeded from the HTS note, not in CBP's list for this heading"
mismatch,C: 9903.85.68,8544606000,,"HTS 2026 Rev. 20 ch. 99 PDF p. 256 (99-III-84), U.S. note 19(k)",CBP CSMS #68855869 list,"seeded from the HTS note, not in CBP's list for this heading"
mismatch,C: 9903.85.68,8708103050,,"HTS 2026 Rev. 20 ch. 99 PDF p. 256 (99-III-84), U.S. note 19(k)",CBP CSMS #68855869 list,"seeded from the HTS note, not in CBP's list for this heading"
mismatch,C: 9903.85.68,8716390040,,"HTS 2026 Rev. 20 ch. 99 PDF p. 256 (99-III-84), U.S. note 19(k)",CBP CSMS #68855869 list,"seeded from the HTS note, not in CBP's list for this heading"
mismatch,C: 9903.85.68,8807300060,,"HTS 2026 Rev. 20 ch. 99 PDF p. 256 (99-III-84), U.S. note 19(k)",CBP CSMS #68855869 list,"seeded from the HTS note, not in CBP's list for this heading"
mismatch,C: 9903.85.68,9013908000,,"HTS 2026 Rev. 20 ch. 99 PDF p. 256 (99-III-84), U.S. note 19(k)",CBP CSMS #68855869 list,"seeded from the HTS note, not in CBP's list for this heading"
mismatch,C: 9903.85.68,9031909195,,"HTS 2026 Rev. 20 ch. 99 PDF p. 256 (99-III-84), U.S. note 19(k)",CBP CSMS #68855869 list,"seeded from the HTS note, not in CBP's list for this heading"
mismatch,C: 9903.85.68,94017900,,"HTS 2026 Rev. 20 ch. 99 PDF p. 256 (99-III-84), U.S. note 19(k)",CBP CSMS #68855869 list,"seeded from the HTS note, not in CBP's list for this heading"
mismatch,C: 9903.85.68,9401999030,,"HTS 2026 Rev. 20 ch. 99 PDF p. 256 (99-III-84), U.S. note 19(k)",CBP CSMS #68855869 list,"seeded from the HTS note, not in CBP's list for this heading"
mismatch,C: 9903.85.68,9401999070,,"HTS 2026 Rev. 20 ch. 99 PDF p. 256 (99-III-84), U.S. note 19(k)",CBP CSMS #68855869 list,"seeded from the HTS note, not in CBP's list for this heading"
mismatch,C: 9903.85.68,94031000,,"HTS 2026 Rev. 20 ch. 99 PDF p. 256 (99-III-84), U.S. note 19(k)",CBP CSMS #68855869 list,"seeded from the HTS note, not in CBP's list for this heading"
mismatch,C: 9903.85.68,94032000,,"HTS 2026 Rev. 20 ch. 99 PDF p. 256 (99-III-84), U.S. note 19(k)",CBP CSMS #68855869 list,"seeded from the HTS note, not in CBP's list for this heading"
mismatch,C: 9903.85.68,9403991040,,"HTS 2026 Rev. 20 ch. 99 PDF p. 256 (99-III-84), U.S. note 19(k)",CBP CSMS #68855869 list,"seeded from the HTS note, not in CBP's list for this heading"
mismatch,C: 9903.85.68,9403999010,,"HTS 2026 Rev. 20 ch. 99 PDF p. 256 (99-III-84), U.S. note 19(k)",CBP CSMS #68855869 list,"seeded from the HTS note, not in CBP's list for this heading"
mismatch,C: 9903.85.68,9403999015,,"HTS 2026 Rev. 20 ch. 99 PDF p. 256 (99-III-84), U.S. note 19(k)",CBP CSMS #68855869 list,"seeded from the HTS note, not in CBP's list for this heading"
mismatch,C: 9903.85.68,9403999020,,"HTS 2026 Rev. 20 ch. 99 PDF p. 256 (99-III-84), U.S. note 19(k)",CBP CSMS #68855869 list,"seeded from the HTS note, not in CBP's list for this heading"
mismatch,C: 9903.85.68,9403999040,,"HTS 2026 Rev. 20 ch. 99 PDF p. 256 (99-III-84), U.S. note 19(k)",CBP CSMS #68855869 list,"seeded from the HTS note, not in CBP's list for this heading"
mismatch,C: 9903.85.68,9403999045,,"HTS 2026 Rev. 20 ch. 99 PDF p. 256 (99-III-84), U.S. note 19(k)",CBP CSMS #68855869 list,"seeded from the HTS note, not in CBP's list for this heading"
mismatch,C: 9903.85.68,9405994020,,"HTS 2026 Rev. 20 ch. 99 PDF p. 256 (99-III-84), U.S. note 19(k)",CBP CSMS #68855869 list,"seeded from the HTS note, not in CBP's list for this heading"
mismatch,C: 9903.85.68,9506114080,,"HTS 2026 Rev. 20 ch. 99 PDF p. 256 (99-III-84), U.S. note 19(k)",CBP CSMS #68855869 list,"seeded from the HTS note, not in CBP's list for this heading"
mismatch,C: 9903.85.68,9506514000,,"HTS 2026 Rev. 20 ch. 99 PDF p. 256 (99-III-84), U.S. note 19(k)",CBP CSMS #68855869 list,"seeded from the HTS note, not in CBP's list for this heading"
mismatch,C: 9903.85.68,9506516000,,"HTS 2026 Rev. 20 ch. 99 PDF p. 256 (99-III-84), U.S. note 19(k)",CBP CSMS #68855869 list,"seeded from the HTS note, not in CBP's list for this heading"
mismatch,C: 9903.85.68,9506594040,,"HTS 2026 Rev. 20 ch. 99 PDF p. 256 (99-III-84), U.S. note 19(k)",CBP CSMS #68855869 list,"seeded from the HTS note, not in CBP's list for this heading"
mismatch,C: 9903.85.68,9506702090,,"HTS 2026 Rev. 20 ch. 99 PDF p. 256 (99-III-84), U.S. note 19(k)",CBP CSMS #68855869 list,"seeded from the HTS note, not in CBP's list for this heading"
mismatch,C: 9903.85.68,9506910010,,"HTS 2026 Rev. 20 ch. 99 PDF p. 256 (99-III-84), U.S. note 19(k)",CBP CSMS #68855869 list,"seeded from the HTS note, not in CBP's list for this heading"
mismatch,C: 9903.85.68,9506910020,,"HTS 2026 Rev. 20 ch. 99 PDF p. 256 (99-III-84), U.S. note 19(k)",CBP CSMS #68855869 list,"seeded from the HTS note, not in CBP's list for this heading"
mismatch,C: 9903.85.68,9506910030,,"HTS 2026 Rev. 20 ch. 99 PDF p. 256 (99-III-84), U.S. note 19(k)",CBP CSMS #68855869 list,"seeded from the HTS note, not in CBP's list for this heading"
mismatch,C: 9903.85.68,9506990510,,"HTS 2026 Rev. 20 ch. 99 PDF p. 256 (99-III-84), U.S. note 19(k)",CBP CSMS #68855869 list,"seeded from the HTS note, not in CBP's list for this heading"
mismatch,C: 9903.85.68,9506990520,,"HTS 2026 Rev. 20 ch. 99 PDF p. 256 (99-III-84), U.S. note 19(k)",CBP CSMS #68855869 list,"seeded from the HTS note, not in CBP's list for this heading"
mismatch,C: 9903.85.68,9506990530,,"HTS 2026 Rev. 20 ch. 99 PDF p. 256 (99-III-84), U.S. note 19(k)",CBP CSMS #68855869 list,"seeded from the HTS note, not in CBP's list for this heading"
mismatch,C: 9903.85.68,9506991500,,"HTS 2026 Rev. 20 ch. 99 PDF p. 256 (99-III-84), U.S. note 19(k)",CBP CSMS #68855869 list,"seeded from the HTS note, not in CBP's list for this heading"
mismatch,C: 9903.85.68,9506992000,,"HTS 2026 Rev. 20 ch. 99 PDF p. 256 (99-III-84), U.S. note 19(k)",CBP CSMS #68855869 list,"seeded from the HTS note, not in CBP's list for this heading"
mismatch,C: 9903.85.68,9506992580,,"HTS 2026 Rev. 20 ch. 99 PDF p. 256 (99-III-84), U.S. note 19(k)",CBP CSMS #68855869 list,"seeded from the HTS note, not in CBP's list for this heading"
mismatch,C: 9903.85.68,9506992800,,"HTS 2026 Rev. 20 ch. 99 PDF p. 256 (99-III-84), U.S. note 19(k)",CBP CSMS #68855869 list,"seeded from the HTS note, not in CBP's list for this heading"
mismatch,C: 9903.85.68,9506995500,,"HTS 2026 Rev. 20 ch. 99 PDF p. 256 (99-III-84), U.S. note 19(k)",CBP CSMS #68855869 list,"seeded from the HTS note, not in CBP's list for this heading"
mismatch,C: 9903.85.68,9506996080,,"HTS 2026 Rev. 20 ch. 99 PDF p. 256 (99-III-84), U.S. note 19(k)",CBP CSMS #68855869 list,"seeded from the HTS note, not in CBP's list for this heading"
mismatch,C: 9903.85.68,9507302000,,"HTS 2026 Rev. 20 ch. 99 PDF p. 256 (99-III-84), U.S. note 19(k)",CBP CSMS #68855869 list,"seeded from the HTS note, not in CBP's list for this heading"
mismatch,C: 9903.85.68,9507304000,,"HTS 2026 Rev. 20 ch. 99 PDF p. 256 (99-III-84), U.S. note 19(k)",CBP CSMS #68855869 list,"seeded from the HTS note, not in CBP's list for this heading"
mismatch,C: 9903.85.68,9507306000,,"HTS 2026 Rev. 20 ch. 99 PDF p. 256 (99-III-84), U.S. note 19(k)",CBP CSMS #68855869 list,"seeded from the HTS note, not in CBP's list for this heading"
mismatch,C: 9903.85.68,9507308000,,"HTS 2026 Rev. 20 ch. 99 PDF p. 256 (99-III-84), U.S. note 19(k)",CBP CSMS #68855869 list,"seeded from the HTS note, not in CBP's list for this heading"
mismatch,C: 9903.85.68,9507906000,,"HTS 2026 Rev. 20 ch. 99 PDF p. 256 (99-III-84), U.S. note 19(k)",CBP CSMS #68855869 list,"seeded from the HTS note, not in CBP's list for this heading"
mismatch,C: 9903.85.68,9603908050,,"HTS 2026 Rev. 20 ch. 99 PDF p. 256 (99-III-84), U.S. note 19(k)",CBP CSMS #68855869 list,"seeded from the HTS note, not in CBP's list for this heading"
mismatch,C: 9903.85.68,76121000,,-,CBP CSMS #68855869 list,"in CBP's list for this heading, not in the seeded scope"
mismatch,C: 9903.85.68,76129050,,-,CBP CSMS #68855869 list,"in CBP's list for this heading, not in the seeded scope"
mismatch,C: 9903.85.68,76130000,,-,CBP CSMS #68855869 list,"in CBP's list for this heading, not in the seeded scope"
mismatch,C: 9903.85.68,7616995120,,-,CBP CSMS #68855869 list,"in CBP's list for this heading, not in the seeded scope"
mismatch,C: 9903.85.68,7616995150,,-,CBP CSMS #68855869 list,"in CBP's list for this heading, not in the seeded scope"
mismatch,C: 9903.85.68,7616995175,,-,CBP CSMS #68855869 list,"in CBP's list for this heading, not in the seeded scope"
mismatch,C: 9903.85.68,76151091,,-,CBP CSMS #68855869 list,"in CBP's list for this heading, not in the seeded scope"
mismatch,C: 9903.85.68,76152000,,-,CBP CSMS #68855869 list,"in CBP's list for this heading, not in the seeded scope"
mismatch,C: 9903.85.68,76169910,,-,CBP CSMS #68855869 list,"in CBP's list for this heading, not in the seeded scope"
mismatch,C: 9903.85.68,83021030,,-,CBP CSMS #68855869 list,"in CBP's list for this heading, not in the seeded scope"
mismatch,C: 9903.85.68,83021060,,-,CBP CSMS #68855869 list,"in CBP's list for this heading, not in the seeded scope"
mismatch,C: 9903.85.68,83022000,,-,CBP CSMS #68855869 list,"in CBP's list for this heading, not in the seeded scope"
mismatch,C: 9903.85.68,83024130,,-,CBP CSMS #68855869 list,"in CBP's list for this heading, not in the seeded scope"
mismatch,C: 9903.85.68,83024230,,-,CBP CSMS #68855869 list,"in CBP's list for this heading, not in the seeded scope"
mismatch,C: 9903.85.68,83024960,,-,CBP CSMS #68855869 list,"in CBP's list for this heading, not in the seeded scope"
mismatch,C: 9903.85.68,83025000,,-,CBP CSMS #68855869 list,"in CBP's list for this heading, not in the seeded scope"
mismatch,C: 9903.85.68,83026030,,-,CBP CSMS #68855869 list,"in CBP's list for this heading, not in the seeded scope"
mismatch,C: 9903.85.68,83026090,,-,CBP CSMS #68855869 list,"in CBP's list for this heading, not in the seeded scope"
mismatch,C: 9903.85.68,83063000,,-,CBP CSMS #68855869 list,"in CBP's list for this heading, not in the seeded scope"
mismatch,C: 9903.85.68,83079060,,-,CBP CSMS #68855869 list,"in CBP's list for this heading, not in the seeded scope"
mismatch,C: 9903.85.68,84195010,,-,CBP CSMS #68855869 list,"in CBP's list for this heading, not in the seeded scope"
mismatch,C: 9903.85.68,84195050,,-,CBP CSMS #68855869 list,"in CBP's list for this heading, not in the seeded scope"
mismatch,C: 9903.85.68,84199010,,-,CBP CSMS #68855869 list,"in CBP's list for this heading, not in the seeded scope"
mismatch,C: 9903.85.68,84431600,,-,CBP CSMS #68855869 list,"in CBP's list for this heading, not in the seeded scope"
mismatch,C: 9903.85.68,84799085,,-,CBP CSMS #68855869 list,"in CBP's list for this heading, not in the seeded scope"
mismatch,C: 9903.85.68,85023100,,-,CBP CSMS #68855869 list,"in CBP's list for this heading, not in the seeded scope"
mismatch,C: 9903.85.68,85087000,,-,CBP CSMS #68855869 list,"in CBP's list for this heading, not in the seeded scope"
mismatch,C: 9903.85.68,85139020,,-,CBP CSMS #68855869 list,"in CBP's list for this heading, not in the seeded scope"
mismatch,C: 9903.85.68,85159020,,-,CBP CSMS #68855869 list,"in CBP's list for this heading, not in the seeded scope"
mismatch,C: 9903.85.68,85169050,,-,CBP CSMS #68855869 list,"in CBP's list for this heading, not in the seeded scope"
mismatch,C: 9903.85.68,85177100,,-,CBP CSMS #68855869 list,"in CBP's list for this heading, not in the seeded scope"
mismatch,C: 9903.85.68,85299073,,-,CBP CSMS #68855869 list,"in CBP's list for this heading, not in the seeded scope"
mismatch,C: 9903.85.68,85381000,,-,CBP CSMS #68855869 list,"in CBP's list for this heading, not in the seeded scope"
mismatch,C: 9903.85.68,85444920,,-,CBP CSMS #68855869 list,"in CBP's list for this heading, not in the seeded scope"
mismatch,C: 9903.85.68,85444990,,-,CBP CSMS #68855869 list,"in CBP's list for this heading, not in the seeded scope"
mismatch,C: 9903.85.68,85446020,,-,CBP CSMS #68855869 list,"in CBP's list for this heading, not in the seeded scope"
mismatch,C: 9903.85.68,85446060,,-,CBP CSMS #68855869 list,"in CBP's list for this heading, not in the seeded scope"
mismatch,C: 9903.85.68,87161000,,-,CBP CSMS #68855869 list,"in CBP's list for this heading, not in the seeded scope"
mismatch,C: 9903.85.68,87163900,,-,CBP CSMS #68855869 list,"in CBP's list for this heading, not in the seeded scope"
mismatch,C: 9903.85.68,87169050,,-,CBP CSMS #68855869 list,"in CBP's list for this heading, not in the seeded scope"
mismatch,C: 9903.85.68,37013000,,-,CBP CSMS #68855869 list,"in CBP's list for this heading, not in the seeded scope"
mismatch,C: 9903.85.68,8504909610,,-,CBP CSMS #68855869 list,"in CBP's list for this heading, not in the seeded scope"
mismatch,C: 9903.85.68,8504909630,,-,CBP CSMS #68855869 list,"in CBP's list for this heading, not in the seeded scope"
mismatch,C: 9903.85.68,8504909646,,-,CBP CSMS #68855869 list,"in CBP's list for this heading, not in the seeded scope"
mismatch,C: 9903.85.68,8504909650,,-,CBP CSMS #68855869 list,"in CBP's list for this heading, not in the seeded scope"
mismatch,C: 9903.85.68,8504909690,,-,CBP CSMS #68855869 list,"in CBP's list for this heading, not in the seeded scope"
mismatch,C: 9903.85.68,90139080,,-,CBP CSMS #68855869 list,"in CBP's list for this heading, not in the seeded scope"
mismatch,C: 9903.85.68,8415908010,,-,CBP CSMS #68855869 list,"in CBP's list for this heading, not in the seeded scope"
mismatch,C: 9903.85.68,8415908020,,-,CBP CSMS #68855869 list,"in CBP's list for this heading, not in the seeded scope"
mismatch,C: 9903.85.68,8708292130,,-,CBP CSMS #68855869 list,"in CBP's list for this heading, not in the seeded scope"
mismatch,D: 9903.82.16 / 9903.85.68,87081030,,-,-,two applying rows for the same line (RU); the calculator applies the higher (9903.85.68) and names the other
mismatch,D: 9903.82.14 / 9903.85.68,76141010,,-,-,two applying rows for the same line (RU); the calculator applies the higher (9903.85.68) and names the other
mismatch,D: 9903.82.16 / 9903.85.68,8412909070,,-,-,two applying rows for the same line (RU); the calculator applies the higher (9903.85.68) and names the other
mismatch,D: 9903.82.16 / 9903.85.68,8412909075,,-,-,two applying rows for the same line (RU); the calculator applies the higher (9903.85.68) and names the other
mismatch,D: 9903.82.16 / 9903.85.68,84148016,,-,-,two applying rows for the same line (RU); the calculator applies the higher (9903.85.68) and names the other
mismatch,D: 9903.82.16 / 9903.85.68,84181000,,-,-,two applying rows for the same line (RU); the calculator applies the higher (9903.85.68) and names the other
mismatch,D: 9903.82.17 / 9903.85.68,84248990,,-,-,two applying rows for the same line (RU); the calculator applies the higher (9903.85.68) and names the other
mismatch,D: 9903.82.16 / 9903.85.68,84501100,,-,-,two applying rows for the same line (RU); the calculator applies the higher (9903.85.68) and names the other
mismatch,D: 9903.82.16 / 9903.85.68,84512100,,-,-,two applying rows for the same line (RU); the calculator applies the higher (9903.85.68) and names the other
mismatch,D: 9903.82.16 / 9903.85.68,8483405020,,-,-,two applying rows for the same line (RU); the calculator applies the higher (9903.85.68) and names the other
mismatch,D: 9903.82.16 / 9903.85.68,8501640110,,-,-,two applying rows for the same line (RU); the calculator applies the higher (9903.85.68) and names the other
mismatch,D: 9903.82.16 / 9903.85.68,85043300,,-,-,two applying rows for the same line (RU); the calculator applies the higher (9903.85.68) and names the other
mismatch,D: 9903.82.16 / 9903.85.68,85444290,,-,-,two applying rows for the same line (RU); the calculator applies the higher (9903.85.68) and names the other
mismatch,D: 9903.82.16 / 9903.85.68,9403999020,,-,-,two applying rows for the same line (RU); the calculator applies the higher (9903.85.68) and names the other
mismatch,D: 9903.82.16 / 9903.85.68,9403999040,,-,-,two applying rows for the same line (RU); the calculator applies the higher (9903.85.68) and names the other
