ref,hts_prefix,excluded,article_description,source_location
9903.05.87,08059001,,Etrogs,"FR 2026-15181, U.S. note 52(c)"
9903.05.87,08119080,,"Tropical fruit, nesoi, frozen, whether or not previously steamed or boiled","FR 2026-15181, U.S. note 52(c)"
9903.05.87,12073000,,"Castor oil seeds, for sowing","FR 2026-15181, U.S. note 52(c)"
9903.05.87,12074000,,"Sesame seeds, whether or not broken, for sowing","FR 2026-15181, U.S. note 52(c)"
9903.05.87,12075000,,"Mustard seeds, whether or not broken, for sowing","FR 2026-15181, U.S. note 52(c)"
9903.05.87,12076000,,"Safflower (Carthamus tintorius) seeds, for sowing","FR 2026-15181, U.S. note 52(c)"
9903.05.87,12079903,,"Other oil seeds and oleaginous fruits whether or not broken, including niger seeds, hemp seeds and seeds nesoi, for sowing","FR 2026-15181, U.S. note 52(c)"
9903.05.87,19059010,,"Bread, pastry, cakes, biscuits and similar baked products, nesoi, and puddings, whether or not containing chocolate, fruit, nuts or confectionery, for religious purposes only","FR 2026-15181, U.S. note 52(c)"
9903.05.87,19059090,,"Bakers' wares, communion wafers, sealing wafers, rice paper and similar products, nesoi, for religious purposes only","FR 2026-15181, U.S. note 52(c)"
9903.05.87,20089921,,Acai,"FR 2026-15181, U.S. note 52(c)"
9903.05.87,20093160,,"Citrus juice of any single citrus fruit (other than orange, grapefruit or lime), of a Brix value not exceeding 20, concentrated, unfermented, except for lemon juice","FR 2026-15181, U.S. note 52(c)"
9903.05.87,20098970,,Coconut water or juice of acai,"FR 2026-15181, U.S. note 52(c)"
9903.05.87,20099040,,"Coconut water juice blends, not from concentrate, packaged for retail sale","FR 2026-15181, U.S. note 52(c)"
9903.05.87,21069099,,Acai preparations for the manufacture of beverages,"FR 2026-15181, U.S. note 52(c)"
9903.05.87,33012951,,"Essential oils other than those of citrus fruit, nesoi, for religious purposes only","FR 2026-15181, U.S. note 52(c)"
9903.05.87,44123357,,"Eucalyptus plywood sheets not exceeding 6 mm in thickness, outer ply of specified nonconiferous wood including birch or walnut, surface covered beyond clear or transparent material","FR 2026-15181, U.S. note 52(c)"
9903.06.01@MY,12119089,,Psyllium seed husks,"FR 2026-15181, U.S. note 52(j), heading 9903.06.01"
9903.06.01@MY,13019091,,Boswellia,"FR 2026-15181, U.S. note 52(j), heading 9903.06.01"
9903.06.01@MY,15159081,,Argan oil,"FR 2026-15181, U.S. note 52(j), heading 9903.06.01"
9903.06.03@KH,12119089,,Psyllium seed husks,"FR 2026-15181, U.S. note 52(j), heading 9903.06.03"
9903.06.03@KH,13019091,,Boswellia,"FR 2026-15181, U.S. note 52(j), heading 9903.06.03"
9903.06.03@KH,13021991,,"Aloe, Tasmanian pepper, coconut and centella","FR 2026-15181, U.S. note 52(j), heading 9903.06.03"
9903.06.05@GT,12119089,,Psyllium seed husks,"FR 2026-15181, U.S. note 52(j), heading 9903.06.05"
9903.06.05@GT,13019091,,Boswellia,"FR 2026-15181, U.S. note 52(j), heading 9903.06.05"
9903.06.05@GT,13021991,,"Aloe, Tasmanian pepper, coconut and centella","FR 2026-15181, U.S. note 52(j), heading 9903.06.05"
9903.06.08@SV,13021991,,"Aloe, Tasmanian pepper, coconut and centella","FR 2026-15181, U.S. note 52(j), heading 9903.06.08"
9903.06.11@AR,12119089,,Psyllium seed husks,"FR 2026-15181, U.S. note 52(j), heading 9903.06.11"
9903.06.11@AR,13021991,,"Aloe, Tasmanian pepper, coconut and centella","FR 2026-15181, U.S. note 52(j), heading 9903.06.11"
9903.06.11@AR,15159081,,Argan oil,"FR 2026-15181, U.S. note 52(j), heading 9903.06.11"
9903.06.13@BD,12119089,,Psyllium seed husks,"FR 2026-15181, U.S. note 52(j), heading 9903.06.13"
9903.06.13@BD,15159081,,Argan oil,"FR 2026-15181, U.S. note 52(j), heading 9903.06.13"
9903.06.15@TW,12119089,,Psyllium seed husks,"FR 2026-15181, U.S. note 52(j), heading 9903.06.15"
9903.06.15@TW,13019091,,Boswellia,"FR 2026-15181, U.S. note 52(j), heading 9903.06.15"
9903.06.15@TW,13021991,,"Aloe, Tasmanian pepper, coconut and centella","FR 2026-15181, U.S. note 52(j), heading 9903.06.15"
9903.06.15@TW,15159081,,Argan oil,"FR 2026-15181, U.S. note 52(j), heading 9903.06.15"
9903.06.17@ID,13021991,,"Aloe, Tasmanian pepper, coconut and centella","FR 2026-15181, U.S. note 52(j), heading 9903.06.17"
9903.06.19@EC,13021991,,"Aloe, Tasmanian pepper, coconut and centella","FR 2026-15181, U.S. note 52(j), heading 9903.06.19"
9903.06.21@JO,12119089,,Psyllium seed husks,"FR 2026-15181, U.S. note 52(j), heading 9903.06.21"
9903.06.21@JO,13021991,,"Aloe, Tasmanian pepper, coconut and centella","FR 2026-15181, U.S. note 52(j), heading 9903.06.21"
9903.05.03@BR,02011005,,,"FR 2026-14542, U.S. note 50(a)(ii)"
9903.05.03@BR,09042273,,,"FR 2026-14542, U.S. note 50(a)(ii)"
9903.05.03@BR,27074000,,,"FR 2026-14542, U.S. note 50(a)(ii)"
9903.05.03@BR,28492010,,,"FR 2026-14542, U.S. note 50(a)(ii)"
9903.05.03@BR,40011000,,,"FR 2026-14542, U.S. note 50(a)(ii)"
9903.05.03@BR,75011000,,,"FR 2026-14542, U.S. note 50(a)(ii)"
9903.05.03@BR,02011010,,,"FR 2026-14542, U.S. note 50(a)(ii)"
9903.05.03@BR,09042276,,,"FR 2026-14542, U.S. note 50(a)(ii)"
9903.05.03@BR,27075000,,,"FR 2026-14542, U.S. note 50(a)(ii)"
9903.05.03@BR,28492020,,,"FR 2026-14542, U.S. note 50(a)(ii)"
9903.05.03@BR,40012100,,,"FR 2026-14542, U.S. note 50(a)(ii)"
9903.05.03@BR,75021000,,,"FR 2026-14542, U.S. note 50(a)(ii)"
9903.05.03@BR,02011050,,,"FR 2026-14542, U.S. note 50(a)(ii)"
9903.05.03@BR,09042280,,,"FR 2026-14542, U.S. note 50(a)(ii)"
9903.05.03@BR,27079100,,,"FR 2026-14542, U.S. note 50(a)(ii)"
9903.05.03@BR,28499030,,,"FR 2026-14542, U.S. note 50(a)(ii)"
9903.05.03@BR,40012200,,,"FR 2026-14542, U.S. note 50(a)(ii)"
9903.05.03@BR,75022000,,,"FR 2026-14542, U.S. note 50(a)(ii)"
9903.05.03@BR,02012002,,,"FR 2026-14542, U.S. note 50(a)(ii)"
9903.05.03@BR,09051000,,,"FR 2026-14542, U.S. note 50(a)(ii)"
9903.05.03@BR,27079910,,,"FR 2026-14542, U.S. note 50(a)(ii)"
9903.05.03@BR,28539010,,,"FR 2026-14542, U.S. note 50(a)(ii)"
9903.05.03@BR,40012900,,,"FR 2026-14542, U.S. note 50(a)(ii)"
9903.05.03@BR,75030000,,,"FR 2026-14542, U.S. note 50(a)(ii)"
9903.05.03@BR,02012004,,,"FR 2026-14542, U.S. note 50(a)(ii)"
9903.05.03@BR,09052000,,,"FR 2026-14542, U.S. note 50(a)(ii)"
9903.05.03@BR,27079920,,,"FR 2026-14542, U.S. note 50(a)(ii)"
9903.05.03@BR,28539090,,,"FR 2026-14542, U.S. note 50(a)(ii)"
9903.05.03@BR,40013000,,,"FR 2026-14542, U.S. note 50(a)(ii)"
9903.05.03@BR,75040000,,,"FR 2026-14542, U.S. note 50(a)(ii)"
9903.05.03@BR,02012006,,,"FR 2026-14542, U.S. note 50(a)(ii)"
9903.05.03@BR,09061100,,,"FR 2026-14542, U.S. note 50(a)(ii)"
9903.05.03@BR,27079940,,,"FR 2026-14542, U.S. note 50(a)(ii)"
9903.05.03@BR,29031905,,,"FR 2026-14542, U.S. note 50(a)(ii)"
9903.05.03@BR,41041120,,,"FR 2026-14542, U.S. note 50(a)(ii)"
9903.05.03@BR,75089050,,,"FR 2026-14542, U.S. note 50(a)(ii)"
9903.05.03@BR,02012010,,,"FR 2026-14542, U.S. note 50(a)(ii)"
9903.05.03@BR,09061900,,,"FR 2026-14542, U.S. note 50(a)(ii)"
9903.05.03@BR,27079951,,,"FR 2026-14542, U.S. note 50(a)(ii)"
9903.05.03@BR,29031910,,,"FR 2026-14542, U.S. note 50(a)(ii)"
9903.05.03@BR,41044150,,,"FR 2026-14542, U.S. note 50(a)(ii)"
9903.05.03@BR,79011100,,,"FR 2026-14542, U.S. note 50(a)(ii)"
9903.05.03@BR,02012030,,,"FR 2026-14542, U.S. note 50(a)(ii)"
9903.05.03@BR,09062000,,,"FR 2026-14542, U.S. note 50(a)(ii)"
9903.05.03@BR,27079955,,,"FR 2026-14542, U.S. note 50(a)(ii)"
9903.05.03@BR,29031930,,,"FR 2026-14542, U.S. note 50(a)(ii)"
9903.05.03@BR,41044910,,,"FR 2026-14542, U.S. note 50(a)(ii)"
9903.05.03@BR,79011210,,,"FR 2026-14542, U.S. note 50(a)(ii)"
9903.05.03@BR,02012050,,,"FR 2026-14542, U.S. note 50(a)(ii)"
9903.05.03@BR,09071000,,,"FR 2026-14542, U.S. note 50(a)(ii)"
9903.05.03@BR,27079959,,,"FR 2026-14542, U.S. note 50(a)(ii)"
9903.05.03@BR,29031960,,,"FR 2026-14542, U.S. note 50(a)(ii)"
9903.05.03@BR,41044950,,,"FR 2026-14542, U.S. note 50(a)(ii)"
9903.05.03@BR,79011250,,,"FR 2026-14542, U.S. note 50(a)(ii)"
9903.05.03@BR,02012080,,,"FR 2026-14542, U.S. note 50(a)(ii)"
9903.05.03@BR,09072000,,,"FR 2026-14542, U.S. note 50(a)(ii)"
9903.05.03@BR,27079990,,,"FR 2026-14542, U.S. note 50(a)(ii)"
9903.05.03@BR,29152930,,,"FR 2026-14542, U.S. note 50(a)(ii)"
9903.05.03@BR,41071120,,,"FR 2026-14542, U.S. note 50(a)(ii)"
9903.05.03@BR,79012000,,,"FR 2026-14542, U.S. note 50(a)(ii)"
9903.05.03@BR,02013002,,,"FR 2026-14542, U.S. note 50(a)(ii)"
9903.05.03@BR,09081100,,,"FR 2026-14542, U.S. note 50(a)(ii)"
9903.05.03@BR,27081000,,,"FR 2026-14542, U.S. note 50(a)(ii)"
9903.05.03@BR,29362100,,,"FR 2026-14542, U.S. note 50(a)(ii)"
9903.05.03@BR,41071220,,,"FR 2026-14542, U.S. note 50(a)(ii)"
9903.05.03@BR,79020000,,,"FR 2026-14542, U.S. note 50(a)(ii)"
9903.05.03@BR,02013004,,,"FR 2026-14542, U.S. note 50(a)(ii)"
9903.05.03@BR,09081200,,,"FR 2026-14542, U.S. note 50(a)(ii)"
9903.05.03@BR,27082000,,,"FR 2026-14542, U.S. note 50(a)(ii)"
9903.05.03@BR,29362200,,,"FR 2026-14542, U.S. note 50(a)(ii)"
9903.05.03@BR,43021960,,,"FR 2026-14542, U.S. note 50(a)(ii)"
9903.05.03@BR,79039030,,,"FR 2026-14542, U.S. note 50(a)(ii)"
9903.05.03@BR,02013006,,,"FR 2026-14542, U.S. note 50(a)(ii)"
9903.05.03@BR,09082100,,,"FR 2026-14542, U.S. note 50(a)(ii)"
9903.05.03@BR,27090010,,,"FR 2026-14542, U.S. note 50(a)(ii)"
9903.05.03@BR,29362300,,,"FR 2026-14542, U.S. note 50(a)(ii)"
9903.05.03@BR,44034100,,,"FR 2026-14542, U.S. note 50(a)(ii)"
9903.05.03@BR,79070060,,,"FR 2026-14542, U.S. note 50(a)(ii)"
9903.05.03@BR,02013010,,,"FR 2026-14542, U.S. note 50(a)(ii)"
9903.05.03@BR,09082220,,,"FR 2026-14542, U.S. note 50(a)(ii)"
9903.05.03@BR,27090020,,,"FR 2026-14542, U.S. note 50(a)(ii)"
9903.05.03@BR,29362401,,,"FR 2026-14542, U.S. note 50(a)(ii)"
9903.05.03@BR,44034200,,,"FR 2026-14542, U.S. note 50(a)(ii)"
9903.05.03@BR,80011000,,,"FR 2026-14542, U.S. note 50(a)(ii)"
9903.05.03@BR,02013030,,,"FR 2026-14542, U.S. note 50(a)(ii)"
9903.05.03@BR,09082240,,,"FR 2026-14542, U.S. note 50(a)(ii)"
9903.05.03@BR,27101215,,,"FR 2026-14542, U.S. note 50(a)(ii)"
9903.05.03@BR,29362500,,,"FR 2026-14542, U.S. note 50(a)(ii)"
9903.05.03@BR,44034902,,,"FR 2026-14542, U.S. note 50(a)(ii)"
9903.05.03@BR,80012000,,,"FR 2026-14542, U.S. note 50(a)(ii)"
9903.05.03@BR,02013050,,,"FR 2026-14542, U.S. note 50(a)(ii)"
9903.05.03@BR,09083100,,,"FR 2026-14542, U.S. note 50(a)(ii)"
9903.05.03@BR,27101218,,,"FR 2026-14542, U.S. note 50(a)(ii)"
9903.05.03@BR,29362600,,,"FR 2026-14542, U.S. note 50(a)(ii)"
9903.05.03@BR,44072100,,,"FR 2026-14542, U.S. note 50(a)(ii)"
9903.05.03@BR,80020000,,,"FR 2026-14542, U.S. note 50(a)(ii)"
9903.05.03@BR,02013080,,,"FR 2026-14542, U.S. note 50(a)(ii)"
9903.05.03@BR,09083200,,,"FR 2026-14542, U.S. note 50(a)(ii)"
9903.05.03@BR,27101225,,,"FR 2026-14542, U.S. note 50(a)(ii)"
9903.05.03@BR,29362700,,,"FR 2026-14542, U.S. note 50(a)(ii)"
9903.05.03@BR,44072200,,,"FR 2026-14542, U.S. note 50(a)(ii)"
9903.05.03@BR,80070050,,,"FR 2026-14542, U.S. note 50(a)(ii)"
9903.05.03@BR,02021005,,,"FR 2026-14542, U.S. note 50(a)(ii)"
9903.05.03@BR,09092100,,,"FR 2026-14542, U.S. note 50(a)(ii)"
9903.05.03@BR,27101245,,,"FR 2026-14542, U.S. note 50(a)(ii)"
9903.05.03@BR,29362800,,,"FR 2026-14542, U.S. note 50(a)(ii)"
9903.05.03@BR,44072301,,,"FR 2026-14542, U.S. note 50(a)(ii)"
9903.05.03@BR,81011000,,,"FR 2026-14542, U.S. note 50(a)(ii)"
9903.05.03@BR,02021010,,,"FR 2026-14542, U.S. note 50(a)(ii)"
9903.05.03@BR,09092200,,,"FR 2026-14542, U.S. note 50(a)(ii)"
9903.05.03@BR,27101290,,,"FR 2026-14542, U.S. note 50(a)(ii)"
9903.05.03@BR,29362910,,,"FR 2026-14542, U.S. note 50(a)(ii)"
9903.05.03@BR,44072500,,,"FR 2026-14542, U.S. note 50(a)(ii)"
9903.05.03@BR,81019700,,,"FR 2026-14542, U.S. note 50(a)(ii)"
9903.05.03@BR,02021050,,,"FR 2026-14542, U.S. note 50(a)(ii)"
9903.05.03@BR,09093100,,,"FR 2026-14542, U.S. note 50(a)(ii)"
9903.05.03@BR,27101906,,,"FR 2026-14542, U.S. note 50(a)(ii)"
9903.05.03@BR,29362916,,,"FR 2026-14542, U.S. note 50(a)(ii)"
9903.05.03@BR,44072600,,,"FR 2026-14542, U.S. note 50(a)(ii)"
9903.05.03@BR,81032000,,,"FR 2026-14542, U.S. note 50(a)(ii)"
9903.05.03@BR,02022002,,,"FR 2026-14542, U.S. note 50(a)(ii)"
9903.05.03@BR,09093200,,,"FR 2026-14542, U.S. note 50(a)(ii)"
9903.05.03@BR,27101911,,,"FR 2026-14542, U.S. note 50(a)(ii)"
9903.05.03@BR,29362920,,,"FR 2026-14542, U.S. note 50(a)(ii)"
9903.05.03@BR,44072700,,,"FR 2026-14542, U.S. note 50(a)(ii)"
9903.05.03@BR,81033000,,,"FR 2026-14542, U.S. note 50(a)(ii)"
9903.05.03@BR,02022004,,,"FR 2026-14542, U.S. note 50(a)(ii)"
9903.05.03@BR,09096100,,,"FR 2026-14542, U.S. note 50(a)(ii)"
9903.05.03@BR,27101916,,,"FR 2026-14542, U.S. note 50(a)(ii)"
9903.05.03@BR,29362950,,,"FR 2026-14542, U.S. note 50(a)(ii)"
9903.05.03@BR,44072800,,,"FR 2026-14542, U.S. note 50(a)(ii)"
9903.05.03@BR,81039100,,,"FR 2026-14542, U.S. note 50(a)(ii)"
9903.05.03@BR,02022006,,,"FR 2026-14542, U.S. note 50(a)(ii)"
9903.05.03@BR,09096200,,,"FR 2026-14542, U.S. note 50(a)(ii)"
9903.05.03@BR,27101924,,,"FR 2026-14542, U.S. note 50(a)(ii)"
9903.05.03@BR,29369001,,,"FR 2026-14542, U.S. note 50(a)(ii)"
9903.05.03@BR,44072902,,,"FR 2026-14542, U.S. note 50(a)(ii)"
9903.05.03@BR,81039900,,,"FR 2026-14542, U.S. note 50(a)(ii)"
9903.05.03@BR,02022010,,,"FR 2026-14542, U.S. note 50(a)(ii)"
9903.05.03@BR,09101100,,,"FR 2026-14542, U.S. note 50(a)(ii)"
9903.05.03@BR,27101925,,,"FR 2026-14542, U.S. note 50(a)(ii)"
9903.05.03@BR,29371100,,,"FR 2026-14542, U.S. note 50(a)(ii)"
9903.05.03@BR,4407990295,,,"FR 2026-14542, U.S. note 50(a)(ii)"
9903.05.03@BR,81041100,,,"FR 2026-14542, U.S. note 50(a)(ii)"
9903.05.03@BR,02022030,,,"FR 2026-14542, U.S. note 50(a)(ii)"
9903.05.03@BR,09101200,,,"FR 2026-14542, U.S. note 50(a)(ii)"
9903.05.03@BR,27101926,,,"FR 2026-14542, U.S. note 50(a)(ii)"
9903.05.03@BR,29371200,,,"FR 2026-14542, U.S. note 50(a)(ii)"
9903.05.03@BR,44083101,,,"FR 2026-14542, U.S. note 50(a)(ii)"
9903.05.03@BR,81041900,,,"FR 2026-14542, U.S. note 50(a)(ii)"
9903.05.03@BR,02022050,,,"FR 2026-14542, U.S. note 50(a)(ii)"
9903.05.03@BR,09102000,,,"FR 2026-14542, U.S. note 50(a)(ii)"
9903.05.03@BR,27101930,,,"FR 2026-14542, U.S. note 50(a)(ii)"
9903.05.03@BR,29371900,,,"FR 2026-14542, U.S. note 50(a)(ii)"
9903.05.03@BR,44083902,,,"FR 2026-14542, U.S. note 50(a)(ii)"
9903.05.03@BR,81042000,,,"FR 2026-14542, U.S. note 50(a)(ii)"
9903.05.03@BR,02022080,,,"FR 2026-14542, U.S. note 50(a)(ii)"
9903.05.03@BR,09103000,,,"FR 2026-14542, U.S. note 50(a)(ii)"
9903.05.03@BR,27101935,,,"FR 2026-14542, U.S. note 50(a)(ii)"
9903.05.03@BR,29372100,,,"FR 2026-14542, U.S. note 50(a)(ii)"
9903.05.03@BR,44092205,,,"FR 2026-14542, U.S. note 50(a)(ii)"
9903.05.03@BR,81043000,,,"FR 2026-14542, U.S. note 50(a)(ii)"
9903.05.03@BR,02023002,,,"FR 2026-14542, U.S. note 50(a)(ii)"
9903.05.03@BR,09109100,,,"FR 2026-14542, U.S. note 50(a)(ii)"
9903.05.03@BR,27101940,,,"FR 2026-14542, U.S. note 50(a)(ii)"
9903.05.03@BR,29372200,,,"FR 2026-14542, U.S. note 50(a)(ii)"
9903.05.03@BR,44092210,,,"FR 2026-14542, U.S. note 50(a)(ii)"
9903.05.03@BR,81049000,,,"FR 2026-14542, U.S. note 50(a)(ii)"
9903.05.03@BR,02023004,,,"FR 2026-14542, U.S. note 50(a)(ii)"
9903.05.03@BR,09109907,,,"FR 2026-14542, U.S. note 50(a)(ii)"
9903.05.03@BR,27101945,,,"FR 2026-14542, U.S. note 50(a)(ii)"
9903.05.03@BR,29372310,,,"FR 2026-14542, U.S. note 50(a)(ii)"
9903.05.03@BR,44092225,,,"FR 2026-14542, U.S. note 50(a)(ii)"
9903.05.03@BR,81052030,,,"FR 2026-14542, U.S. note 50(a)(ii)"
9903.05.03@BR,02023006,,,"FR 2026-14542, U.S. note 50(a)(ii)"
9903.05.03@BR,09109910,,,"FR 2026-14542, U.S. note 50(a)(ii)"
9903.05.03@BR,27101990,,,"FR 2026-14542, U.S. note 50(a)(ii)"
9903.05.03@BR,29372325,,,"FR 2026-14542, U.S. note 50(a)(ii)"
9903.05.03@BR,44092240,,,"FR 2026-14542, U.S. note 50(a)(ii)"
9903.05.03@BR,81052060,,,"FR 2026-14542, U.S. note 50(a)(ii)"
9903.05.03@BR,02023010,,,"FR 2026-14542, U.S. note 50(a)(ii)"
9903.05.03@BR,09109920,,,"FR 2026-14542, U.S. note 50(a)(ii)"
9903.05.03@BR,27102005,,,"FR 2026-14542, U.S. note 50(a)(ii)"
9903.05.03@BR,29372350,,,"FR 2026-14542, U.S. note 50(a)(ii)"
9903.05.03@BR,44092250,,,"FR 2026-14542, U.S. note 50(a)(ii)"
9903.05.03@BR,81052090,,,"FR 2026-14542, U.S. note 50(a)(ii)"
9903.05.03@BR,02023030,,,"FR 2026-14542, U.S. note 50(a)(ii)"
9903.05.03@BR,09109940,,,"FR 2026-14542, U.S. note 50(a)(ii)"
9903.05.03@BR,27102010,,,"FR 2026-14542, U.S. note 50(a)(ii)"
9903.05.03@BR,29372910,,,"FR 2026-14542, U.S. note 50(a)(ii)"
9903.05.03@BR,44092260,,,"FR 2026-14542, U.S. note 50(a)(ii)"
9903.05.03@BR,81053000,,,"FR 2026-14542, U.S. note 50(a)(ii)"
9903.05.03@BR,02023050,,,"FR 2026-14542, U.S. note 50(a)(ii)"
9903.05.03@BR,09109950,,,"FR 2026-14542, U.S. note 50(a)(ii)"
9903.05.03@BR,27102015,,,"FR 2026-14542, U.S. note 50(a)(ii)"
9903.05.03@BR,29372990,,,"FR 2026-14542, U.S. note 50(a)(ii)"
9903.05.03@BR,44092265,,,"FR 2026-14542, U.S. note 50(a)(ii)"
9903.05.03@BR,81059000,,,"FR 2026-14542, U.S. note 50(a)(ii)"
9903.05.03@BR,02023080,,,"FR 2026-14542, U.S. note 50(a)(ii)"
9903.05.03@BR,09109960,,,"FR 2026-14542, U.S. note 50(a)(ii)"
9903.05.03@BR,27102025,,,"FR 2026-14542, U.S. note 50(a)(ii)"
9903.05.03@BR,29375000,,,"FR 2026-14542, U.S. note 50(a)(ii)"
9903.05.03@BR,44092290,,,"FR 2026-14542, U.S. note 50(a)(ii)"
9903.05.03@BR,81061000,,,"FR 2026-14542, U.S. note 50(a)(ii)"
9903.05.03@BR,02061000,,,"FR 2026-14542, U.S. note 50(a)(ii)"
9903.05.03@BR,10039040,,,"FR 2026-14542, U.S. note 50(a)(ii)"
9903.05.03@BR,27109100,,,"FR 2026-14542, U.S. note 50(a)(ii)"
9903.05.03@BR,29379005,,,"FR 2026-14542, U.S. note 50(a)(ii)"
9903.05.03@BR,44123106,,,"FR 2026-14542, U.S. note 50(a)(ii)"
9903.05.03@BR,81069000,,,"FR 2026-14542, U.S. note 50(a)(ii)"
9903.05.03@BR,02062100,,,"FR 2026-14542, U.S. note 50(a)(ii)"
9903.05.03@BR,10083000,,,"FR 2026-14542, U.S. note 50(a)(ii)"
9903.05.03@BR,27109905,,,"FR 2026-14542, U.S. note 50(a)(ii)"
9903.05.03@BR,29379010,,,"FR 2026-14542, U.S. note 50(a)(ii)"
9903.05.03@BR,44123126,,,"FR 2026-14542, U.S. note 50(a)(ii)"
9903.05.03@BR,81082000,,,"FR 2026-14542, U.S. note 50(a)(ii)"
9903.05.03@BR,02062200,,,"FR 2026-14542, U.S. note 50(a)(ii)"
9903.05.03@BR,10084000,,,"FR 2026-14542, U.S. note 50(a)(ii)"
9903.05.03@BR,27109910,,,"FR 2026-14542, U.S. note 50(a)(ii)"
9903.05.03@BR,29379020,,,"FR 2026-14542, U.S. note 50(a)(ii)"
9903.05.03@BR,44123142,,,"FR 2026-14542, U.S. note 50(a)(ii)"
9903.05.03@BR,81083000,,,"FR 2026-14542, U.S. note 50(a)(ii)"
9903.05.03@BR,02062900,,,"FR 2026-14542, U.S. note 50(a)(ii)"
9903.05.03@BR,10086000,,,"FR 2026-14542, U.S. note 50(a)(ii)"
9903.05.03@BR,27109916,,,"FR 2026-14542, U.S. note 50(a)(ii)"
9903.05.03@BR,29379040,,,"FR 2026-14542, U.S. note 50(a)(ii)"
9903.05.03@BR,44123145,,,"FR 2026-14542, U.S. note 50(a)(ii)"
9903.05.03@BR,81089030,,,"FR 2026-14542, U.S. note 50(a)(ii)"
9903.05.03@BR,02102000,,,"FR 2026-14542, U.S. note 50(a)(ii)"
9903.05.03@BR,11062090,,,"FR 2026-14542, U.S. note 50(a)(ii)"
9903.05.03@BR,27109921,,,"FR 2026-14542, U.S. note 50(a)(ii)"
9903.05.03@BR,29379045,,,"FR 2026-14542, U.S. note 50(a)(ii)"
9903.05.03@BR,44123148,,,"FR 2026-14542, U.S. note 50(a)(ii)"
9903.05.03@BR,81089060,,,"FR 2026-14542, U.S. note 50(a)(ii)"
9903.05.03@BR,03023200,,,"FR 2026-14542, U.S. note 50(a)(ii)"
9903.05.03@BR,11063020,,,"FR 2026-14542, U.S. note 50(a)(ii)"
9903.05.03@BR,27109931,,,"FR 2026-14542, U.S. note 50(a)(ii)"
9903.05.03@BR,29379090,,,"FR 2026-14542, U.S. note 50(a)(ii)"
9903.05.03@BR,44123152,,,"FR 2026-14542, U.S. note 50(a)(ii)"
9903.05.03@BR,81101000,,,"FR 2026-14542, U.S. note 50(a)(ii)"
9903.05.03@BR,03023400,,,"FR 2026-14542, U.S. note 50(a)(ii)"
9903.05.03@BR,11081400,,,"FR 2026-14542, U.S. note 50(a)(ii)"
9903.05.03@BR,27109932,,,"FR 2026-14542, U.S. note 50(a)(ii)"
9903.05.03@BR,29391100,,,"FR 2026-14542, U.S. note 50(a)(ii)"
9903.05.03@BR,44123161,,,"FR 2026-14542, U.S. note 50(a)(ii)"
9903.05.03@BR,81102000,,,"FR 2026-14542, U.S. note 50(a)(ii)"
9903.05.03@BR,03024400,,,"FR 2026-14542, U.S. note 50(a)(ii)"
9903.05.03@BR,11081900,,,"FR 2026-14542, U.S. note 50(a)(ii)"
9903.05.03@BR,27109939,,,"FR 2026-14542, U.S. note 50(a)(ii)"
9903.05.03@BR,29391910,,,"FR 2026-14542, U.S. note 50(a)(ii)"
9903.05.03@BR,44123192,,,"FR 2026-14542, U.S. note 50(a)(ii)"
9903.05.03@BR,81109000,,,"FR 2026-14542, U.S. note 50(a)(ii)"
9903.05.03@BR,03024700,,,"FR 2026-14542, U.S. note 50(a)(ii)"
9903.05.03@BR,12030000,,,"FR 2026-14542, U.S. note 50(a)(ii)"
9903.05.03@BR,27109945,,,"FR 2026-14542, U.S. note 50(a)(ii)"
9903.05.03@BR,29391920,,,"FR 2026-14542, U.S. note 50(a)(ii)"
9903.05.03@BR,44124100,,,"FR 2026-14542, U.S. note 50(a)(ii)"
9903.05.03@BR,81110047,,,"FR 2026-14542, U.S. note 50(a)(ii)"
9903.05.03@BR,03027111,,,"FR 2026-14542, U.S. note 50(a)(ii)"
9903.05.03@BR,12079100,,,"FR 2026-14542, U.S. note 50(a)(ii)"
9903.05.03@BR,27109990,,,"FR 2026-14542, U.S. note 50(a)(ii)"
9903.05.03@BR,29391950,,,"FR 2026-14542, U.S. note 50(a)(ii)"
9903.05.03@BR,44125110,,,"FR 2026-14542, U.S. note 50(a)(ii)"
9903.05.03@BR,81110049,,,"FR 2026-14542, U.S. note 50(a)(ii)"
9903.05.03@BR,03027150,,,"FR 2026-14542, U.S. note 50(a)(ii)"
9903.05.03@BR,15131100,,,"FR 2026-14542, U.S. note 50(a)(ii)"
9903.05.03@BR,27111100,,,"FR 2026-14542, U.S. note 50(a)(ii)"
9903.05.03@BR,29392000,,,"FR 2026-14542, U.S. note 50(a)(ii)"
9903.05.03@BR,44125131,,,"FR 2026-14542, U.S. note 50(a)(ii)"
9903.05.03@BR,81122100,,,"FR 2026-14542, U.S. note 50(a)(ii)"
9903.05.03@BR,03028950,,,"FR 2026-14542, U.S. note 50(a)(ii)"
9903.05.03@BR,15131900,,,"FR 2026-14542, U.S. note 50(a)(ii)"
9903.05.03@BR,27111200,,,"FR 2026-14542, U.S. note 50(a)(ii)"
9903.05.03@BR,29393000,,,"FR 2026-14542, U.S. note 50(a)(ii)"
9903.05.03@BR,44125141,,,"FR 2026-14542, U.S. note 50(a)(ii)"
9903.05.03@BR,81122200,,,"FR 2026-14542, U.S. note 50(a)(ii)"
9903.05.03@BR,03032300,,,"FR 2026-14542, U.S. note 50(a)(ii)"
9903.05.03@BR,15211000,,,"FR 2026-14542, U.S. note 50(a)(ii)"
9903.05.03@BR,27111300,,,"FR 2026-14542, U.S. note 50(a)(ii)"
9903.05.03@BR,29394100,,,"FR 2026-14542, U.S. note 50(a)(ii)"
9903.05.03@BR,44125151,,,"FR 2026-14542, U.S. note 50(a)(ii)"
9903.05.03@BR,81122900,,,"FR 2026-14542, U.S. note 50(a)(ii)"
9903.05.03@BR,03038900,,,"FR 2026-14542, U.S. note 50(a)(ii)"
9903.05.03@BR,15219020,,,"FR 2026-14542, U.S. note 50(a)(ii)"
9903.05.03@BR,27111400,,,"FR 2026-14542, U.S. note 50(a)(ii)"
9903.05.03@BR,29394200,,,"FR 2026-14542, U.S. note 50(a)(ii)"
9903.05.03@BR,44129106,,,"FR 2026-14542, U.S. note 50(a)(ii)"
9903.05.03@BR,81124110,,,"FR 2026-14542, U.S. note 50(a)(ii)"
9903.05.03@BR,03043100,,,"FR 2026-14542, U.S. note 50(a)(ii)"
9903.05.03@BR,16025005,,,"FR 2026-14542, U.S. note 50(a)(ii)"
9903.05.03@BR,27111900,,,"FR 2026-14542, U.S. note 50(a)(ii)"
9903.05.03@BR,29394400,,,"FR 2026-14542, U.S. note 50(a)(ii)"
9903.05.03@BR,44129110,,,"FR 2026-14542, U.S. note 50(a)(ii)"
9903.05.03@BR,81124150,,,"FR 2026-14542, U.S. note 50(a)(ii)"
9903.05.03@BR,03061100,,,"FR 2026-14542, U.S. note 50(a)(ii)"
9903.05.03@BR,16025007,,,"FR 2026-14542, U.S. note 50(a)(ii)"
9903.05.03@BR,27112100,,,"FR 2026-14542, U.S. note 50(a)(ii)"
9903.05.03@BR,29394500,,,"FR 2026-14542, U.S. note 50(a)(ii)"
9903.05.03@BR,44129131,,,"FR 2026-14542, U.S. note 50(a)(ii)"
9903.05.03@BR,81124900,,,"FR 2026-14542, U.S. note 50(a)(ii)"
9903.05.03@BR,0409000005,,,"FR 2026-14542, U.S. note 50(a)(ii)"
9903.05.03@BR,16025008,,,"FR 2026-14542, U.S. note 50(a)(ii)"
9903.05.03@BR,27112900,,,"FR 2026-14542, U.S. note 50(a)(ii)"
9903.05.03@BR,29394903,,,"FR 2026-14542, U.S. note 50(a)(ii)"
9903.05.03@BR,44129141,,,"FR 2026-14542, U.S. note 50(a)(ii)"
9903.05.03@BR,81125900,,,"FR 2026-14542, U.S. note 50(a)(ii)"
9903.05.03@BR,05080000,,,"FR 2026-14542, U.S. note 50(a)(ii)"
9903.05.03@BR,16025021,,,"FR 2026-14542, U.S. note 50(a)(ii)"
9903.05.03@BR,27121000,,,"FR 2026-14542, U.S. note 50(a)(ii)"
9903.05.03@BR,29395900,,,"FR 2026-14542, U.S. note 50(a)(ii)"
9903.05.03@BR,44129151,,,"FR 2026-14542, U.S. note 50(a)(ii)"
9903.05.03@BR,81129210,,,"FR 2026-14542, U.S. note 50(a)(ii)"
9903.05.03@BR,07020020,,,"FR 2026-14542, U.S. note 50(a)(ii)"
9903.05.03@BR,16025060,,,"FR 2026-14542, U.S. note 50(a)(ii)"
9903.05.03@BR,27122000,,,"FR 2026-14542, U.S. note 50(a)(ii)"
9903.05.03@BR,29396200,,,"FR 2026-14542, U.S. note 50(a)(ii)"
9903.05.03@BR,46012240,,,"FR 2026-14542, U.S. note 50(a)(ii)"
9903.05.03@BR,81129230,,,"FR 2026-14542, U.S. note 50(a)(ii)"
9903.05.03@BR,07020040,,,"FR 2026-14542, U.S. note 50(a)(ii)"
9903.05.03@BR,16025090,,,"FR 2026-14542, U.S. note 50(a)(ii)"
9903.05.03@BR,27129010,,,"FR 2026-14542, U.S. note 50(a)(ii)"
9903.05.03@BR,29396300,,,"FR 2026-14542, U.S. note 50(a)(ii)"
9903.05.03@BR,46012280,,,"FR 2026-14542, U.S. note 50(a)(ii)"
9903.05.03@BR,81129240,,,"FR 2026-14542, U.S. note 50(a)(ii)"
9903.05.03@BR,07020060,,,"FR 2026-14542, U.S. note 50(a)(ii)"
9903.05.03@BR,18010000,,,"FR 2026-14542, U.S. note 50(a)(ii)"
9903.05.03@BR,27129020,,,"FR 2026-14542, U.S. note 50(a)(ii)"
9903.05.03@BR,29396900,,,"FR 2026-14542, U.S. note 50(a)(ii)"
9903.05.03@BR,46012290,,,"FR 2026-14542, U.S. note 50(a)(ii)"
9903.05.03@BR,81129260,,,"FR 2026-14542, U.S. note 50(a)(ii)"
9903.05.03@BR,07099905,,,"FR 2026-14542, U.S. note 50(a)(ii)"
9903.05.03@BR,18020000,,,"FR 2026-14542, U.S. note 50(a)(ii)"
9903.05.03@BR,27131100,,,"FR 2026-14542, U.S. note 50(a)(ii)"
9903.05.03@BR,29397200,,,"FR 2026-14542, U.S. note 50(a)(ii)"
9903.05.03@BR,46012940,,,"FR 2026-14542, U.S. note 50(a)(ii)"
9903.05.03@BR,81129265,,,"FR 2026-14542, U.S. note 50(a)(ii)"
9903.05.03@BR,07099910,,,"FR 2026-14542, U.S. note 50(a)(ii)"
9903.05.03@BR,18031000,,,"FR 2026-14542, U.S. note 50(a)(ii)"
9903.05.03@BR,27131200,,,"FR 2026-14542, U.S. note 50(a)(ii)"
9903.05.03@BR,29397900,,,"FR 2026-14542, U.S. note 50(a)(ii)"
9903.05.03@BR,46019301,,,"FR 2026-14542, U.S. note 50(a)(ii)"
9903.05.03@BR,81129910,,,"FR 2026-14542, U.S. note 50(a)(ii)"
9903.05.03@BR,07108015,,,"FR 2026-14542, U.S. note 50(a)(ii)"
9903.05.03@BR,18032000,,,"FR 2026-14542, U.S. note 50(a)(ii)"
9903.05.03@BR,27132000,,,"FR 2026-14542, U.S. note 50(a)(ii)"
9903.05.03@BR,29411010,,,"FR 2026-14542, U.S. note 50(a)(ii)"
9903.05.03@BR,46019305,,,"FR 2026-14542, U.S. note 50(a)(ii)"
9903.05.03@BR,81129920,,,"FR 2026-14542, U.S. note 50(a)(ii)"
9903.05.03@BR,07119030,,,"FR 2026-14542, U.S. note 50(a)(ii)"
9903.05.03@BR,18040000,,,"FR 2026-14542, U.S. note 50(a)(ii)"
9903.05.03@BR,27139000,,,"FR 2026-14542, U.S. note 50(a)(ii)"
9903.05.03@BR,29411020,,,"FR 2026-14542, U.S. note 50(a)(ii)"
9903.05.03@BR,46019320,,,"FR 2026-14542, U.S. note 50(a)(ii)"
9903.05.03@BR,81129991,,,"FR 2026-14542, U.S. note 50(a)(ii)"
9903.05.03@BR,07123200,,,"FR 2026-14542, U.S. note 50(a)(ii)"
9903.05.03@BR,18050000,,,"FR 2026-14542, U.S. note 50(a)(ii)"
9903.05.03@BR,27141000,,,"FR 2026-14542, U.S. note 50(a)(ii)"
9903.05.03@BR,29411030,,,"FR 2026-14542, U.S. note 50(a)(ii)"
9903.05.03@BR,46021205,,,"FR 2026-14542, U.S. note 50(a)(ii)"
9903.05.03@BR,8422409181,,,"FR 2026-14542, U.S. note 50(a)(ii)"
9903.05.03@BR,07123410,,,"FR 2026-14542, U.S. note 50(a)(ii)"
9903.05.03@BR,19030020,,,"FR 2026-14542, U.S. note 50(a)(ii)"
9903.05.03@BR,27149000,,,"FR 2026-14542, U.S. note 50(a)(ii)"
9903.05.03@BR,29411050,,,"FR 2026-14542, U.S. note 50(a)(ii)"
9903.05.03@BR,46021214,,,"FR 2026-14542, U.S. note 50(a)(ii)"
9903.05.03@BR,84713001,,,"FR 2026-14542, U.S. note 50(a)(ii)"
9903.05.03@BR,07123420,,,"FR 2026-14542, U.S. note 50(a)(ii)"
9903.05.03@BR,19030040,,,"FR 2026-14542, U.S. note 50(a)(ii)"
9903.05.03@BR,27150000,,,"FR 2026-14542, U.S. note 50(a)(ii)"
9903.05.03@BR,29412010,,,"FR 2026-14542, U.S. note 50(a)(ii)"
9903.05.03@BR,46021216,,,"FR 2026-14542, U.S. note 50(a)(ii)"
9903.05.03@BR,84714101,,,"FR 2026-14542, U.S. note 50(a)(ii)"
9903.05.03@BR,07133420,,,"FR 2026-14542, U.S. note 50(a)(ii)"
9903.05.03@BR,20019045,,,"FR 2026-14542, U.S. note 50(a)(ii)"
9903.05.03@BR,27160000,,,"FR 2026-14542, U.S. note 50(a)(ii)"
9903.05.03@BR,29412050,,,"FR 2026-14542, U.S. note 50(a)(ii)"
9903.05.03@BR,46021223,,,"FR 2026-14542, U.S. note 50(a)(ii)"
9903.05.03@BR,84714900,,,"FR 2026-14542, U.S. note 50(a)(ii)"
9903.05.03@BR,07133440,,,"FR 2026-14542, U.S. note 50(a)(ii)"
9903.05.03@BR,20059160,,,"FR 2026-14542, U.S. note 50(a)(ii)"
9903.05.03@BR,28012000,,,"FR 2026-14542, U.S. note 50(a)(ii)"
9903.05.03@BR,29413000,,,"FR 2026-14542, U.S. note 50(a)(ii)"
9903.05.03@BR,46021225,,,"FR 2026-14542, U.S. note 50(a)(ii)"
9903.05.03@BR,84715001,,,"FR 2026-14542, U.S. note 50(a)(ii)"
9903.05.03@BR,07141010,,,"FR 2026-14542, U.S. note 50(a)(ii)"
9903.05.03@BR,20060040,,,"FR 2026-14542, U.S. note 50(a)(ii)"
9903.05.03@BR,28042900,,,"FR 2026-14542, U.S. note 50(a)(ii)"
9903.05.03@BR,29414000,,,"FR 2026-14542, U.S. note 50(a)(ii)"
9903.05.03@BR,46021235,,,"FR 2026-14542, U.S. note 50(a)(ii)"
9903.05.03@BR,84716010,,,"FR 2026-14542, U.S. note 50(a)(ii)"
9903.05.03@BR,07141020,,,"FR 2026-14542, U.S. note 50(a)(ii)"
9903.05.03@BR,20079940,,,"FR 2026-14542, U.S. note 50(a)(ii)"
9903.05.03@BR,28045000,,,"FR 2026-14542, U.S. note 50(a)(ii)"
9903.05.03@BR,29415000,,,"FR 2026-14542, U.S. note 50(a)(ii)"
9903.05.03@BR,46021245,,,"FR 2026-14542, U.S. note 50(a)(ii)"
9903.05.03@BR,84716020,,,"FR 2026-14542, U.S. note 50(a)(ii)"
9903.05.03@BR,07144010,,,"FR 2026-14542, U.S. note 50(a)(ii)"
9903.05.03@BR,20079950,,,"FR 2026-14542, U.S. note 50(a)(ii)"
9903.05.03@BR,28046100,,,"FR 2026-14542, U.S. note 50(a)(ii)"
9903.05.03@BR,29419010,,,"FR 2026-14542, U.S. note 50(a)(ii)"
9903.05.03@BR,47031100,,,"FR 2026-14542, U.S. note 50(a)(ii)"
9903.05.03@BR,84716070,,,"FR 2026-14542, U.S. note 50(a)(ii)"
9903.05.03@BR,07144020,,,"FR 2026-14542, U.S. note 50(a)(ii)"
9903.05.03@BR,20081915,,,"FR 2026-14542, U.S. note 50(a)(ii)"
9903.05.03@BR,28046910,,,"FR 2026-14542, U.S. note 50(a)(ii)"
9903.05.03@BR,29419030,,,"FR 2026-14542, U.S. note 50(a)(ii)"
9903.05.03@BR,47031900,,,"FR 2026-14542, U.S. note 50(a)(ii)"
9903.05.03@BR,84716080,,,"FR 2026-14542, U.S. note 50(a)(ii)"
9903.05.03@BR,07144050,,,"FR 2026-14542, U.S. note 50(a)(ii)"
9903.05.03@BR,20082000,,,"FR 2026-14542, U.S. note 50(a)(ii)"
9903.05.03@BR,28046950,,,"FR 2026-14542, U.S. note 50(a)(ii)"
9903.05.03@BR,29419050,,,"FR 2026-14542, U.S. note 50(a)(ii)"
9903.05.03@BR,47032100,,,"FR 2026-14542, U.S. note 50(a)(ii)"
9903.05.03@BR,84716090,,,"FR 2026-14542, U.S. note 50(a)(ii)"
9903.05.03@BR,07144060,,,"FR 2026-14542, U.S. note 50(a)(ii)"
9903.05.03@BR,20083035,,,"FR 2026-14542, U.S. note 50(a)(ii)"
9903.05.03@BR,28048000,,,"FR 2026-14542, U.S. note 50(a)(ii)"
9903.05.03@BR,30012000,,,"FR 2026-14542, U.S. note 50(a)(ii)"
9903.05.03@BR,47032900,,,"FR 2026-14542, U.S. note 50(a)(ii)"
9903.05.03@BR,84717010,,,"FR 2026-14542, U.S. note 50(a)(ii)"
9903.05.03@BR,07145010,,,"FR 2026-14542, U.S. note 50(a)(ii)"
9903.05.03@BR,20089100,,,"FR 2026-14542, U.S. note 50(a)(ii)"
9903.05.03@BR,28049000,,,"FR 2026-14542, U.S. note 50(a)(ii)"
9903.05.03@BR,30019001,,,"FR 2026-14542, U.S. note 50(a)(ii)"
9903.05.03@BR,47041100,,,"FR 2026-14542, U.S. note 50(a)(ii)"
9903.05.03@BR,84717020,,,"FR 2026-14542, U.S. note 50(a)(ii)"
9903.05.03@BR,07145020,,,"FR 2026-14542, U.S. note 50(a)(ii)"
9903.05.03@BR,20089913,,,"FR 2026-14542, U.S. note 50(a)(ii)"
9903.05.03@BR,28051910,,,"FR 2026-14542, U.S. note 50(a)(ii)"
9903.05.03@BR,30021200,,,"FR 2026-14542, U.S. note 50(a)(ii)"
9903.05.03@BR,47041900,,,"FR 2026-14542, U.S. note 50(a)(ii)"
9903.05.03@BR,84717030,,,"FR 2026-14542, U.S. note 50(a)(ii)"
9903.05.03@BR,07145060,,,"FR 2026-14542, U.S. note 50(a)(ii)"
9903.05.03@BR,20089915,,,"FR 2026-14542, U.S. note 50(a)(ii)"
9903.05.03@BR,28051920,,,"FR 2026-14542, U.S. note 50(a)(ii)"
9903.05.03@BR,30021300,,,"FR 2026-14542, U.S. note 50(a)(ii)"
9903.05.03@BR,47042100,,,"FR 2026-14542, U.S. note 50(a)(ii)"
9903.05.03@BR,84717040,,,"FR 2026-14542, U.S. note 50(a)(ii)"
9903.05.03@BR,07149042,,,"FR 2026-14542, U.S. note 50(a)(ii)"
9903.05.03@BR,20089940,,,"FR 2026-14542, U.S. note 50(a)(ii)"
9903.05.03@BR,28051990,,,"FR 2026-14542, U.S. note 50(a)(ii)"
9903.05.03@BR,30021400,,,"FR 2026-14542, U.S. note 50(a)(ii)"
9903.05.03@BR,47042900,,,"FR 2026-14542, U.S. note 50(a)(ii)"
9903.05.03@BR,84717050,,,"FR 2026-14542, U.S. note 50(a)(ii)"
9903.05.03@BR,07149044,,,"FR 2026-14542, U.S. note 50(a)(ii)"
9903.05.03@BR,20089945,,,"FR 2026-14542, U.S. note 50(a)(ii)"
9903.05.03@BR,28053000,,,"FR 2026-14542, U.S. note 50(a)(ii)"
9903.05.03@BR,30021500,,,"FR 2026-14542, U.S. note 50(a)(ii)"
9903.05.03@BR,47050000,,,"FR 2026-14542, U.S. note 50(a)(ii)"
9903.05.03@BR,84717060,,,"FR 2026-14542, U.S. note 50(a)(ii)"
9903.05.03@BR,07149046,,,"FR 2026-14542, U.S. note 50(a)(ii)"
9903.05.03@BR,20089991,,,"FR 2026-14542, U.S. note 50(a)(ii)"
9903.05.03@BR,28111100,,,"FR 2026-14542, U.S. note 50(a)(ii)"
9903.05.03@BR,30024100,,,"FR 2026-14542, U.S. note 50(a)(ii)"
9903.05.03@BR,47061000,,,"FR 2026-14542, U.S. note 50(a)(ii)"
9903.05.03@BR,84717090,,,"FR 2026-14542, U.S. note 50(a)(ii)"
9903.05.03@BR,07149048,,,"FR 2026-14542, U.S. note 50(a)(ii)"
9903.05.03@BR,20091100,,,"FR 2026-14542, U.S. note 50(a)(ii)"
9903.05.03@BR,28111910,,,"FR 2026-14542, U.S. note 50(a)(ii)"
9903.05.03@BR,30024200,,,"FR 2026-14542, U.S. note 50(a)(ii)"
9903.05.03@BR,47062000,,,"FR 2026-14542, U.S. note 50(a)(ii)"
9903.05.03@BR,84718010,,,"FR 2026-14542, U.S. note 50(a)(ii)"
9903.05.03@BR,07149061,,,"FR 2026-14542, U.S. note 50(a)(ii)"
9903.05.03@BR,20091225,,,"FR 2026-14542, U.S. note 50(a)(ii)"
9903.05.03@BR,28112910,,,"FR 2026-14542, U.S. note 50(a)(ii)"
9903.05.03@BR,30024900,,,"FR 2026-14542, U.S. note 50(a)(ii)"
9903.05.03@BR,47063000,,,"FR 2026-14542, U.S. note 50(a)(ii)"
9903.05.03@BR,84718040,,,"FR 2026-14542, U.S. note 50(a)(ii)"
9903.05.03@BR,08011100,,,"FR 2026-14542, U.S. note 50(a)(ii)"
9903.05.03@BR,20091245,,,"FR 2026-14542, U.S. note 50(a)(ii)"
9903.05.03@BR,28112920,,,"FR 2026-14542, U.S. note 50(a)(ii)"
9903.05.03@BR,30025100,,,"FR 2026-14542, U.S. note 50(a)(ii)"
9903.05.03@BR,47069100,,,"FR 2026-14542, U.S. note 50(a)(ii)"
9903.05.03@BR,84718090,,,"FR 2026-14542, U.S. note 50(a)(ii)"
9903.05.03@BR,08011200,,,"FR 2026-14542, U.S. note 50(a)(ii)"
9903.05.03@BR,20091900,,,"FR 2026-14542, U.S. note 50(a)(ii)"
9903.05.03@BR,28121900,,,"FR 2026-14542, U.S. note 50(a)(ii)"
9903.05.03@BR,30025900,,,"FR 2026-14542, U.S. note 50(a)(ii)"
9903.05.03@BR,47069201,,,"FR 2026-14542, U.S. note 50(a)(ii)"
9903.05.03@BR,84719000,,,"FR 2026-14542, U.S. note 50(a)(ii)"
9903.05.03@BR,08011901,,,"FR 2026-14542, U.S. note 50(a)(ii)"
9903.05.03@BR,20093920,,,"FR 2026-14542, U.S. note 50(a)(ii)"
9903.05.03@BR,28139010,,,"FR 2026-14542, U.S. note 50(a)(ii)"
9903.05.03@BR,30029010,,,"FR 2026-14542, U.S. note 50(a)(ii)"
9903.05.03@BR,47069301,,,"FR 2026-14542, U.S. note 50(a)(ii)"
9903.05.03@BR,84733011,,,"FR 2026-14542, U.S. note 50(a)(ii)"
9903.05.03@BR,08012100,,,"FR 2026-14542, U.S. note 50(a)(ii)"
9903.05.03@BR,20094940,,,"FR 2026-14542, U.S. note 50(a)(ii)"
9903.05.03@BR,28152000,,,"FR 2026-14542, U.S. note 50(a)(ii)"
9903.05.03@BR,30029052,,,"FR 2026-14542, U.S. note 50(a)(ii)"
9903.05.03@BR,56072100,,,"FR 2026-14542, U.S. note 50(a)(ii)"
9903.05.03@BR,84733020,,,"FR 2026-14542, U.S. note 50(a)(ii)"
9903.05.03@BR,08012200,,,"FR 2026-14542, U.S. note 50(a)(ii)"
9903.05.03@BR,21011121,,,"FR 2026-14542, U.S. note 50(a)(ii)"
9903.05.03@BR,28161000,,,"FR 2026-14542, U.S. note 50(a)(ii)"
9903.05.03@BR,30031000,,,"FR 2026-14542, U.S. note 50(a)(ii)"
9903.05.03@BR,63090000,,,"FR 2026-14542, U.S. note 50(a)(ii)"
9903.05.03@BR,84733051,,,"FR 2026-14542, U.S. note 50(a)(ii)"
9903.05.03@BR,08013100,,,"FR 2026-14542, U.S. note 50(a)(ii)"
9903.05.03@BR,21011129,,,"FR 2026-14542, U.S. note 50(a)(ii)"
9903.05.03@BR,28164010,,,"FR 2026-14542, U.S. note 50(a)(ii)"
9903.05.03@BR,30032000,,,"FR 2026-14542, U.S. note 50(a)(ii)"
9903.05.03@BR,68029900,,,"FR 2026-14542, U.S. note 50(a)(ii)"
9903.05.03@BR,84733091,,,"FR 2026-14542, U.S. note 50(a)(ii)"
9903.05.03@BR,08013200,,,"FR 2026-14542, U.S. note 50(a)(ii)"
9903.05.03@BR,21011290,,,"FR 2026-14542, U.S. note 50(a)(ii)"
9903.05.03@BR,28164020,,,"FR 2026-14542, U.S. note 50(a)(ii)"
9903.05.03@BR,30033910,,,"FR 2026-14542, U.S. note 50(a)(ii)"
9903.05.03@BR,71031020,,,"FR 2026-14542, U.S. note 50(a)(ii)"
9903.05.03@BR,84861000,,,"FR 2026-14542, U.S. note 50(a)(ii)"
9903.05.03@BR,08024100,,,"FR 2026-14542, U.S. note 50(a)(ii)"
9903.05.03@BR,21012020,,,"FR 2026-14542, U.S. note 50(a)(ii)"
9903.05.03@BR,28170000,,,"FR 2026-14542, U.S. note 50(a)(ii)"
9903.05.03@BR,30033950,,,"FR 2026-14542, U.S. note 50(a)(ii)"
9903.05.03@BR,71031040,,,"FR 2026-14542, U.S. note 50(a)(ii)"
9903.05.03@BR,84862000,,,"FR 2026-14542, U.S. note 50(a)(ii)"
9903.05.03@BR,08024200,,,"FR 2026-14542, U.S. note 50(a)(ii)"
9903.05.03@BR,21069048,,,"FR 2026-14542, U.S. note 50(a)(ii)"
9903.05.03@BR,28181010,,,"FR 2026-14542, U.S. note 50(a)(ii)"
9903.05.03@BR,30034100,,,"FR 2026-14542, U.S. note 50(a)(ii)"
9903.05.03@BR,71069110,,,"FR 2026-14542, U.S. note 50(a)(ii)"
9903.05.03@BR,84863000,,,"FR 2026-14542, U.S. note 50(a)(ii)"
9903.05.03@BR,08026100,,,"FR 2026-14542, U.S. note 50(a)(ii)"
9903.05.03@BR,22029930,,,"FR 2026-14542, U.S. note 50(a)(ii)"
9903.05.03@BR,28181020,,,"FR 2026-14542, U.S. note 50(a)(ii)"
9903.05.03@BR,30034200,,,"FR 2026-14542, U.S. note 50(a)(ii)"
9903.05.03@BR,71081100,,,"FR 2026-14542, U.S. note 50(a)(ii)"
9903.05.03@BR,84864000,,,"FR 2026-14542, U.S. note 50(a)(ii)"
9903.05.03@BR,08026200,,,"FR 2026-14542, U.S. note 50(a)(ii)"
9903.05.03@BR,22029935,,,"FR 2026-14542, U.S. note 50(a)(ii)"
9903.05.03@BR,28182000,,,"FR 2026-14542, U.S. note 50(a)(ii)"
9903.05.03@BR,30034900,,,"FR 2026-14542, U.S. note 50(a)(ii)"
9903.05.03@BR,71081210,,,"FR 2026-14542, U.S. note 50(a)(ii)"
9903.05.03@BR,84869000,,,"FR 2026-14542, U.S. note 50(a)(ii)"
9903.05.03@BR,08027010,,,"FR 2026-14542, U.S. note 50(a)(ii)"
9903.05.03@BR,25041010,,,"FR 2026-14542, U.S. note 50(a)(ii)"
9903.05.03@BR,28183000,,,"FR 2026-14542, U.S. note 50(a)(ii)"
9903.05.03@BR,30039001,,,"FR 2026-14542, U.S. note 50(a)(ii)"
9903.05.03@BR,71081250,,,"FR 2026-14542, U.S. note 50(a)(ii)"
9903.05.03@BR,8505110070,,,"FR 2026-14542, U.S. note 50(a)(ii)"
9903.05.03@BR,08027020,,,"FR 2026-14542, U.S. note 50(a)(ii)"
9903.05.03@BR,25041050,,,"FR 2026-14542, U.S. note 50(a)(ii)"
9903.05.03@BR,28201000,,,"FR 2026-14542, U.S. note 50(a)(ii)"
9903.05.03@BR,30041010,,,"FR 2026-14542, U.S. note 50(a)(ii)"
9903.05.03@BR,71081310,,,"FR 2026-14542, U.S. note 50(a)(ii)"
9903.05.03@BR,85171300,,,"FR 2026-14542, U.S. note 50(a)(ii)"
9903.05.03@BR,08028010,,,"FR 2026-14542, U.S. note 50(a)(ii)"
9903.05.03@BR,25049000,,,"FR 2026-14542, U.S. note 50(a)(ii)"
9903.05.03@BR,28211000,,,"FR 2026-14542, U.S. note 50(a)(ii)"
9903.05.03@BR,30041050,,,"FR 2026-14542, U.S. note 50(a)(ii)"
9903.05.03@BR,71081355,,,"FR 2026-14542, U.S. note 50(a)(ii)"
9903.05.03@BR,85176200,,,"FR 2026-14542, U.S. note 50(a)(ii)"
9903.05.03@BR,08028020,,,"FR 2026-14542, U.S. note 50(a)(ii)"
9903.05.03@BR,25070000,,,"FR 2026-14542, U.S. note 50(a)(ii)"
9903.05.03@BR,28212000,,,"FR 2026-14542, U.S. note 50(a)(ii)"
9903.05.03@BR,30042000,,,"FR 2026-14542, U.S. note 50(a)(ii)"
9903.05.03@BR,71081370,,,"FR 2026-14542, U.S. note 50(a)(ii)"
9903.05.03@BR,85235100,,,"FR 2026-14542, U.S. note 50(a)(ii)"
9903.05.03@BR,08029110,,,"FR 2026-14542, U.S. note 50(a)(ii)"
9903.05.03@BR,25101000,,,"FR 2026-14542, U.S. note 50(a)(ii)"
9903.05.03@BR,28220000,,,"FR 2026-14542, U.S. note 50(a)(ii)"
9903.05.03@BR,30043100,,,"FR 2026-14542, U.S. note 50(a)(ii)"
9903.05.03@BR,71082000,,,"FR 2026-14542, U.S. note 50(a)(ii)"
9903.05.03@BR,85241110,,,"FR 2026-14542, U.S. note 50(a)(ii)"
9903.05.03@BR,08029190,,,"FR 2026-14542, U.S. note 50(a)(ii)"
9903.05.03@BR,25102000,,,"FR 2026-14542, U.S. note 50(a)(ii)"
9903.05.03@BR,28230000,,,"FR 2026-14542, U.S. note 50(a)(ii)"
9903.05.03@BR,30043200,,,"FR 2026-14542, U.S. note 50(a)(ii)"
9903.05.03@BR,71101100,,,"FR 2026-14542, U.S. note 50(a)(ii)"
9903.05.03@BR,85241190,,,"FR 2026-14542, U.S. note 50(a)(ii)"
9903.05.03@BR,08029210,,,"FR 2026-14542, U.S. note 50(a)(ii)"
9903.05.03@BR,25111010,,,"FR 2026-14542, U.S. note 50(a)(ii)"
9903.05.03@BR,28252000,,,"FR 2026-14542, U.S. note 50(a)(ii)"
9903.05.03@BR,30043900,,,"FR 2026-14542, U.S. note 50(a)(ii)"
9903.05.03@BR,71101900,,,"FR 2026-14542, U.S. note 50(a)(ii)"
9903.05.03@BR,85241200,,,"FR 2026-14542, U.S. note 50(a)(ii)"
9903.05.03@BR,08029290,,,"FR 2026-14542, U.S. note 50(a)(ii)"
9903.05.03@BR,25111050,,,"FR 2026-14542, U.S. note 50(a)(ii)"
9903.05.03@BR,28253000,,,"FR 2026-14542, U.S. note 50(a)(ii)"
9903.05.03@BR,30044100,,,"FR 2026-14542, U.S. note 50(a)(ii)"
9903.05.03@BR,71102100,,,"FR 2026-14542, U.S. note 50(a)(ii)"
9903.05.03@BR,85241900,,,"FR 2026-14542, U.S. note 50(a)(ii)"
9903.05.03@BR,08031010,,,"FR 2026-14542, U.S. note 50(a)(ii)"
9903.05.03@BR,25191000,,,"FR 2026-14542, U.S. note 50(a)(ii)"
9903.05.03@BR,28254000,,,"FR 2026-14542, U.S. note 50(a)(ii)"
9903.05.03@BR,30044200,,,"FR 2026-14542, U.S. note 50(a)(ii)"
9903.05.03@BR,71102900,,,"FR 2026-14542, U.S. note 50(a)(ii)"
9903.05.03@BR,85249110,,,"FR 2026-14542, U.S. note 50(a)(ii)"
9903.05.03@BR,08031020,,,"FR 2026-14542, U.S. note 50(a)(ii)"
9903.05.03@BR,25199010,,,"FR 2026-14542, U.S. note 50(a)(ii)"
9903.05.03@BR,28255030,,,"FR 2026-14542, U.S. note 50(a)(ii)"
9903.05.03@BR,30044900,,,"FR 2026-14542, U.S. note 50(a)(ii)"
9903.05.03@BR,71103100,,,"FR 2026-14542, U.S. note 50(a)(ii)"
9903.05.03@BR,85249190,,,"FR 2026-14542, U.S. note 50(a)(ii)"
9903.05.03@BR,08039000,,,"FR 2026-14542, U.S. note 50(a)(ii)"
9903.05.03@BR,25199020,,,"FR 2026-14542, U.S. note 50(a)(ii)"
9903.05.03@BR,28256000,,,"FR 2026-14542, U.S. note 50(a)(ii)"
9903.05.03@BR,30045010,,,"FR 2026-14542, U.S. note 50(a)(ii)"
9903.05.03@BR,71103900,,,"FR 2026-14542, U.S. note 50(a)(ii)"
9903.05.03@BR,85249200,,,"FR 2026-14542, U.S. note 50(a)(ii)"
9903.05.03@BR,08043020,,,"FR 2026-14542, U.S. note 50(a)(ii)"
9903.05.03@BR,25249000,,,"FR 2026-14542, U.S. note 50(a)(ii)"
9903.05.03@BR,28258000,,,"FR 2026-14542, U.S. note 50(a)(ii)"
9903.05.03@BR,30045020,,,"FR 2026-14542, U.S. note 50(a)(ii)"
9903.05.03@BR,71104100,,,"FR 2026-14542, U.S. note 50(a)(ii)"
9903.05.03@BR,85249900,,,"FR 2026-14542, U.S. note 50(a)(ii)"
9903.05.03@BR,08043040,,,"FR 2026-14542, U.S. note 50(a)(ii)"
9903.05.03@BR,25251000,,,"FR 2026-14542, U.S. note 50(a)(ii)"
9903.05.03@BR,28259015,,,"FR 2026-14542, U.S. note 50(a)(ii)"
9903.05.03@BR,30045030,,,"FR 2026-14542, U.S. note 50(a)(ii)"
9903.05.03@BR,71104900,,,"FR 2026-14542, U.S. note 50(a)(ii)"
9903.05.03@BR,85285200,,,"FR 2026-14542, U.S. note 50(a)(ii)"
9903.05.03@BR,08043060,,,"FR 2026-14542, U.S. note 50(a)(ii)"
9903.05.03@BR,25292100,,,"FR 2026-14542, U.S. note 50(a)(ii)"
9903.05.03@BR,28259020,,,"FR 2026-14542, U.S. note 50(a)(ii)"
9903.05.03@BR,30045040,,,"FR 2026-14542, U.S. note 50(a)(ii)"
9903.05.03@BR,71123001,,,"FR 2026-14542, U.S. note 50(a)(ii)"
9903.05.03@BR,8537109170,,,"FR 2026-14542, U.S. note 50(a)(ii)"
9903.05.03@BR,08044000,,,"FR 2026-14542, U.S. note 50(a)(ii)"
9903.05.03@BR,25292200,,,"FR 2026-14542, U.S. note 50(a)(ii)"
9903.05.03@BR,28259030,,,"FR 2026-14542, U.S. note 50(a)(ii)"
9903.05.03@BR,30045050,,,"FR 2026-14542, U.S. note 50(a)(ii)"
9903.05.03@BR,71129201,,,"FR 2026-14542, U.S. note 50(a)(ii)"
9903.05.03@BR,85411000,,,"FR 2026-14542, U.S. note 50(a)(ii)"
9903.05.03@BR,08045040,,,"FR 2026-14542, U.S. note 50(a)(ii)"
9903.05.03@BR,25302010,,,"FR 2026-14542, U.S. note 50(a)(ii)"
9903.05.03@BR,28259090,,,"FR 2026-14542, U.S. note 50(a)(ii)"
9903.05.03@BR,30046000,,,"FR 2026-14542, U.S. note 50(a)(ii)"
9903.05.03@BR,71159005,,,"FR 2026-14542, U.S. note 50(a)(ii)"
9903.05.03@BR,85412100,,,"FR 2026-14542, U.S. note 50(a)(ii)"
9903.05.03@BR,08045060,,,"FR 2026-14542, U.S. note 50(a)(ii)"
9903.05.03@BR,25302020,,,"FR 2026-14542, U.S. note 50(a)(ii)"
9903.05.03@BR,28261200,,,"FR 2026-14542, U.S. note 50(a)(ii)"
9903.05.03@BR,30049010,,,"FR 2026-14542, U.S. note 50(a)(ii)"
9903.05.03@BR,71159030,,,"FR 2026-14542, U.S. note 50(a)(ii)"
9903.05.03@BR,85412900,,,"FR 2026-14542, U.S. note 50(a)(ii)"
9903.05.03@BR,08045080,,,"FR 2026-14542, U.S. note 50(a)(ii)"
9903.05.03@BR,25309010,,,"FR 2026-14542, U.S. note 50(a)(ii)"
9903.05.03@BR,28263000,,,"FR 2026-14542, U.S. note 50(a)(ii)"
9903.05.03@BR,30049092,,,"FR 2026-14542, U.S. note 50(a)(ii)"
9903.05.03@BR,71189000,,,"FR 2026-14542, U.S. note 50(a)(ii)"
9903.05.03@BR,85413000,,,"FR 2026-14542, U.S. note 50(a)(ii)"
9903.05.03@BR,08051000,,,"FR 2026-14542, U.S. note 50(a)(ii)"
9903.05.03@BR,25309020,,,"FR 2026-14542, U.S. note 50(a)(ii)"
9903.05.03@BR,28269090,,,"FR 2026-14542, U.S. note 50(a)(ii)"
9903.05.03@BR,30063010,,,"FR 2026-14542, U.S. note 50(a)(ii)"
9903.05.03@BR,72011000,,,"FR 2026-14542, U.S. note 50(a)(ii)"
9903.05.03@BR,85414100,,,"FR 2026-14542, U.S. note 50(a)(ii)"
9903.05.03@BR,08055030,,,"FR 2026-14542, U.S. note 50(a)(ii)"
9903.05.03@BR,25309080,,,"FR 2026-14542, U.S. note 50(a)(ii)"
9903.05.03@BR,28273100,,,"FR 2026-14542, U.S. note 50(a)(ii)"
9903.05.03@BR,30063050,,,"FR 2026-14542, U.S. note 50(a)(ii)"
9903.05.03@BR,72012000,,,"FR 2026-14542, U.S. note 50(a)(ii)"
9903.05.03@BR,85414910,,,"FR 2026-14542, U.S. note 50(a)(ii)"
9903.05.03@BR,08055040,,,"FR 2026-14542, U.S. note 50(a)(ii)"
9903.05.03@BR,26011100,,,"FR 2026-14542, U.S. note 50(a)(ii)"
9903.05.03@BR,28273925,,,"FR 2026-14542, U.S. note 50(a)(ii)"
9903.05.03@BR,30066000,,,"FR 2026-14542, U.S. note 50(a)(ii)"
9903.05.03@BR,72015030,,,"FR 2026-14542, U.S. note 50(a)(ii)"
9903.05.03@BR,85414970,,,"FR 2026-14542, U.S. note 50(a)(ii)"
9903.05.03@BR,08072000,,,"FR 2026-14542, U.S. note 50(a)(ii)"
9903.05.03@BR,26011200,,,"FR 2026-14542, U.S. note 50(a)(ii)"
9903.05.03@BR,28273945,,,"FR 2026-14542, U.S. note 50(a)(ii)"
9903.05.03@BR,30069310,,,"FR 2026-14542, U.S. note 50(a)(ii)"
9903.05.03@BR,72015060,,,"FR 2026-14542, U.S. note 50(a)(ii)"
9903.05.03@BR,85414980,,,"FR 2026-14542, U.S. note 50(a)(ii)"
9903.05.03@BR,08084020,,,"FR 2026-14542, U.S. note 50(a)(ii)"
9903.05.03@BR,26020000,,,"FR 2026-14542, U.S. note 50(a)(ii)"
9903.05.03@BR,28273960,,,"FR 2026-14542, U.S. note 50(a)(ii)"
9903.05.03@BR,30069320,,,"FR 2026-14542, U.S. note 50(a)(ii)"
9903.05.03@BR,72021110,,,"FR 2026-14542, U.S. note 50(a)(ii)"
9903.05.03@BR,85414995,,,"FR 2026-14542, U.S. note 50(a)(ii)"
9903.05.03@BR,08084040,,,"FR 2026-14542, U.S. note 50(a)(ii)"
9903.05.03@BR,26030000,,,"FR 2026-14542, U.S. note 50(a)(ii)"
9903.05.03@BR,28273990,,,"FR 2026-14542, U.S. note 50(a)(ii)"
9903.05.03@BR,30069350,,,"FR 2026-14542, U.S. note 50(a)(ii)"
9903.05.03@BR,72021150,,,"FR 2026-14542, U.S. note 50(a)(ii)"
9903.05.03@BR,85415100,,,"FR 2026-14542, U.S. note 50(a)(ii)"
9903.05.03@BR,08105000,,,"FR 2026-14542, U.S. note 50(a)(ii)"
9903.05.03@BR,26040000,,,"FR 2026-14542, U.S. note 50(a)(ii)"
9903.05.03@BR,28274100,,,"FR 2026-14542, U.S. note 50(a)(ii)"
9903.05.03@BR,30069360,,,"FR 2026-14542, U.S. note 50(a)(ii)"
9903.05.03@BR,72021910,,,"FR 2026-14542, U.S. note 50(a)(ii)"
9903.05.03@BR,85415900,,,"FR 2026-14542, U.S. note 50(a)(ii)"
9903.05.03@BR,08106000,,,"FR 2026-14542, U.S. note 50(a)(ii)"
9903.05.03@BR,26050000,,,"FR 2026-14542, U.S. note 50(a)(ii)"
9903.05.03@BR,28274950,,,"FR 2026-14542, U.S. note 50(a)(ii)"
9903.05.03@BR,31010000,,,"FR 2026-14542, U.S. note 50(a)(ii)"
9903.05.03@BR,72021950,,,"FR 2026-14542, U.S. note 50(a)(ii)"
9903.05.03@BR,85419000,,,"FR 2026-14542, U.S. note 50(a)(ii)"
9903.05.03@BR,08109027,,,"FR 2026-14542, U.S. note 50(a)(ii)"
9903.05.03@BR,26060000,,,"FR 2026-14542, U.S. note 50(a)(ii)"
9903.05.03@BR,28275951,,,"FR 2026-14542, U.S. note 50(a)(ii)"
9903.05.03@BR,31021000,,,"FR 2026-14542, U.S. note 50(a)(ii)"
9903.05.03@BR,72023000,,,"FR 2026-14542, U.S. note 50(a)(ii)"
9903.05.03@BR,85423100,,,"FR 2026-14542, U.S. note 50(a)(ii)"
9903.05.03@BR,08109046,,,"FR 2026-14542, U.S. note 50(a)(ii)"
9903.05.03@BR,26080000,,,"FR 2026-14542, U.S. note 50(a)(ii)"
9903.05.03@BR,28276010,,,"FR 2026-14542, U.S. note 50(a)(ii)"
9903.05.03@BR,31022100,,,"FR 2026-14542, U.S. note 50(a)(ii)"
9903.05.03@BR,72024100,,,"FR 2026-14542, U.S. note 50(a)(ii)"
9903.05.03@BR,85423200,,,"FR 2026-14542, U.S. note 50(a)(ii)"
9903.05.03@BR,08119010,,,"FR 2026-14542, U.S. note 50(a)(ii)"
9903.05.03@BR,26090000,,,"FR 2026-14542, U.S. note 50(a)(ii)"
9903.05.03@BR,28276051,,,"FR 2026-14542, U.S. note 50(a)(ii)"
9903.05.03@BR,31022900,,,"FR 2026-14542, U.S. note 50(a)(ii)"
9903.05.03@BR,72024910,,,"FR 2026-14542, U.S. note 50(a)(ii)"
9903.05.03@BR,85423300,,,"FR 2026-14542, U.S. note 50(a)(ii)"
9903.05.03@BR,08119025,,,"FR 2026-14542, U.S. note 50(a)(ii)"
9903.05.03@BR,26100000,,,"FR 2026-14542, U.S. note 50(a)(ii)"
9903.05.03@BR,28332100,,,"FR 2026-14542, U.S. note 50(a)(ii)"
9903.05.03@BR,31023000,,,"FR 2026-14542, U.S. note 50(a)(ii)"
9903.05.03@BR,72024950,,,"FR 2026-14542, U.S. note 50(a)(ii)"
9903.05.03@BR,85423900,,,"FR 2026-14542, U.S. note 50(a)(ii)"
9903.05.03@BR,08119030,,,"FR 2026-14542, U.S. note 50(a)(ii)"
9903.05.03@BR,26110030,,,"FR 2026-14542, U.S. note 50(a)(ii)"
9903.05.03@BR,28332400,,,"FR 2026-14542, U.S. note 50(a)(ii)"
9903.05.03@BR,31024000,,,"FR 2026-14542, U.S. note 50(a)(ii)"
9903.05.03@BR,72025000,,,"FR 2026-14542, U.S. note 50(a)(ii)"
9903.05.03@BR,85429000,,,"FR 2026-14542, U.S. note 50(a)(ii)"
9903.05.03@BR,08119040,,,"FR 2026-14542, U.S. note 50(a)(ii)"
9903.05.03@BR,26110060,,,"FR 2026-14542, U.S. note 50(a)(ii)"
9903.05.03@BR,28332500,,,"FR 2026-14542, U.S. note 50(a)(ii)"
9903.05.03@BR,31025000,,,"FR 2026-14542, U.S. note 50(a)(ii)"
9903.05.03@BR,72026000,,,"FR 2026-14542, U.S. note 50(a)(ii)"
9903.05.03@BR,97012100,,,"FR 2026-14542, U.S. note 50(a)(ii)"
9903.05.03@BR,08119050,,,"FR 2026-14542, U.S. note 50(a)(ii)"
9903.05.03@BR,26121000,,,"FR 2026-14542, U.S. note 50(a)(ii)"
9903.05.03@BR,28332700,,,"FR 2026-14542, U.S. note 50(a)(ii)"
9903.05.03@BR,31026000,,,"FR 2026-14542, U.S. note 50(a)(ii)"
9903.05.03@BR,72028000,,,"FR 2026-14542, U.S. note 50(a)(ii)"
9903.05.03@BR,97012200,,,"FR 2026-14542, U.S. note 50(a)(ii)"
9903.05.03@BR,08119052,,,"FR 2026-14542, U.S. note 50(a)(ii)"
9903.05.03@BR,26122000,,,"FR 2026-14542, U.S. note 50(a)(ii)"
9903.05.03@BR,28332910,,,"FR 2026-14542, U.S. note 50(a)(ii)"
9903.05.03@BR,31028000,,,"FR 2026-14542, U.S. note 50(a)(ii)"
9903.05.03@BR,72029100,,,"FR 2026-14542, U.S. note 50(a)(ii)"
9903.05.03@BR,97012900,,,"FR 2026-14542, U.S. note 50(a)(ii)"
9903.05.03@BR,08129040,,,"FR 2026-14542, U.S. note 50(a)(ii)"
9903.05.03@BR,26139000,,,"FR 2026-14542, U.S. note 50(a)(ii)"
9903.05.03@BR,28332945,,,"FR 2026-14542, U.S. note 50(a)(ii)"
9903.05.03@BR,31029001,,,"FR 2026-14542, U.S. note 50(a)(ii)"
9903.05.03@BR,72029340,,,"FR 2026-14542, U.S. note 50(a)(ii)"
9903.05.03@BR,97019100,,,"FR 2026-14542, U.S. note 50(a)(ii)"
9903.05.03@BR,09011100,,,"FR 2026-14542, U.S. note 50(a)(ii)"
9903.05.03@BR,26140030,,,"FR 2026-14542, U.S. note 50(a)(ii)"
9903.05.03@BR,28332951,,,"FR 2026-14542, U.S. note 50(a)(ii)"
9903.05.03@BR,31031100,,,"FR 2026-14542, U.S. note 50(a)(ii)"
9903.05.03@BR,72029380,,,"FR 2026-14542, U.S. note 50(a)(ii)"
9903.05.03@BR,97019200,,,"FR 2026-14542, U.S. note 50(a)(ii)"
9903.05.03@BR,09011200,,,"FR 2026-14542, U.S. note 50(a)(ii)"
9903.05.03@BR,26140060,,,"FR 2026-14542, U.S. note 50(a)(ii)"
9903.05.03@BR,28342100,,,"FR 2026-14542, U.S. note 50(a)(ii)"
9903.05.03@BR,31031900,,,"FR 2026-14542, U.S. note 50(a)(ii)"
9903.05.03@BR,72029920,,,"FR 2026-14542, U.S. note 50(a)(ii)"
9903.05.03@BR,97019900,,,"FR 2026-14542, U.S. note 50(a)(ii)"
9903.05.03@BR,09012100,,,"FR 2026-14542, U.S. note 50(a)(ii)"
9903.05.03@BR,26159030,,,"FR 2026-14542, U.S. note 50(a)(ii)"
9903.05.03@BR,28342920,,,"FR 2026-14542, U.S. note 50(a)(ii)"
9903.05.03@BR,31039001,,,"FR 2026-14542, U.S. note 50(a)(ii)"
9903.05.03@BR,72031000,,,"FR 2026-14542, U.S. note 50(a)(ii)"
9903.05.03@BR,97021000,,,"FR 2026-14542, U.S. note 50(a)(ii)"
9903.05.03@BR,09012200,,,"FR 2026-14542, U.S. note 50(a)(ii)"
9903.05.03@BR,26159060,,,"FR 2026-14542, U.S. note 50(a)(ii)"
9903.05.03@BR,28342951,,,"FR 2026-14542, U.S. note 50(a)(ii)"
9903.05.03@BR,31042000,,,"FR 2026-14542, U.S. note 50(a)(ii)"
9903.05.03@BR,72039000,,,"FR 2026-14542, U.S. note 50(a)(ii)"
9903.05.03@BR,97029000,,,"FR 2026-14542, U.S. note 50(a)(ii)"
9903.05.03@BR,09019010,,,"FR 2026-14542, U.S. note 50(a)(ii)"
9903.05.03@BR,26161000,,,"FR 2026-14542, U.S. note 50(a)(ii)"
9903.05.03@BR,28366000,,,"FR 2026-14542, U.S. note 50(a)(ii)"
9903.05.03@BR,31043000,,,"FR 2026-14542, U.S. note 50(a)(ii)"
9903.05.03@BR,72042100,,,"FR 2026-14542, U.S. note 50(a)(ii)"
9903.05.03@BR,97031000,,,"FR 2026-14542, U.S. note 50(a)(ii)"
9903.05.03@BR,09019020,,,"FR 2026-14542, U.S. note 50(a)(ii)"
9903.05.03@BR,26171000,,,"FR 2026-14542, U.S. note 50(a)(ii)"
9903.05.03@BR,28369100,,,"FR 2026-14542, U.S. note 50(a)(ii)"
9903.05.03@BR,31049001,,,"FR 2026-14542, U.S. note 50(a)(ii)"
9903.05.03@BR,72043000,,,"FR 2026-14542, U.S. note 50(a)(ii)"
9903.05.03@BR,97039000,,,"FR 2026-14542, U.S. note 50(a)(ii)"
9903.05.03@BR,09021010,,,"FR 2026-14542, U.S. note 50(a)(ii)"
9903.05.03@BR,26203000,,,"FR 2026-14542, U.S. note 50(a)(ii)"
9903.05.03@BR,28369200,,,"FR 2026-14542, U.S. note 50(a)(ii)"
9903.05.03@BR,31051000,,,"FR 2026-14542, U.S. note 50(a)(ii)"
9903.05.03@BR,72044100,,,"FR 2026-14542, U.S. note 50(a)(ii)"
9903.05.03@BR,97040000,,,"FR 2026-14542, U.S. note 50(a)(ii)"
9903.05.03@BR,09021090,,,"FR 2026-14542, U.S. note 50(a)(ii)"
9903.05.03@BR,26209950,,,"FR 2026-14542, U.S. note 50(a)(ii)"
9903.05.03@BR,28369910,,,"FR 2026-14542, U.S. note 50(a)(ii)"
9903.05.03@BR,31052000,,,"FR 2026-14542, U.S. note 50(a)(ii)"
9903.05.03@BR,73141901,,,"FR 2026-14542, U.S. note 50(a)(ii)"
9903.05.03@BR,97051000,,,"FR 2026-14542, U.S. note 50(a)(ii)"
9903.05.03@BR,09022010,,,"FR 2026-14542, U.S. note 50(a)(ii)"
9903.05.03@BR,27011100,,,"FR 2026-14542, U.S. note 50(a)(ii)"
9903.05.03@BR,28369950,,,"FR 2026-14542, U.S. note 50(a)(ii)"
9903.05.03@BR,31053000,,,"FR 2026-14542, U.S. note 50(a)(ii)"
9903.05.03@BR,74010000,,,"FR 2026-14542, U.S. note 50(a)(ii)"
9903.05.03@BR,97052100,,,"FR 2026-14542, U.S. note 50(a)(ii)"
9903.05.03@BR,09022090,,,"FR 2026-14542, U.S. note 50(a)(ii)"
9903.05.03@BR,27011200,,,"FR 2026-14542, U.S. note 50(a)(ii)"
9903.05.03@BR,28391900,,,"FR 2026-14542, U.S. note 50(a)(ii)"
9903.05.03@BR,31054000,,,"FR 2026-14542, U.S. note 50(a)(ii)"
9903.05.03@BR,74020000,,,"FR 2026-14542, U.S. note 50(a)(ii)"
9903.05.03@BR,97052200,,,"FR 2026-14542, U.S. note 50(a)(ii)"
9903.05.03@BR,09023000,,,"FR 2026-14542, U.S. note 50(a)(ii)"
9903.05.03@BR,27011900,,,"FR 2026-14542, U.S. note 50(a)(ii)"
9903.05.03@BR,28418000,,,"FR 2026-14542, U.S. note 50(a)(ii)"
9903.05.03@BR,31055100,,,"FR 2026-14542, U.S. note 50(a)(ii)"
9903.05.03@BR,74031100,,,"FR 2026-14542, U.S. note 50(a)(ii)"
9903.05.03@BR,97052900,,,"FR 2026-14542, U.S. note 50(a)(ii)"
9903.05.03@BR,09024000,,,"FR 2026-14542, U.S. note 50(a)(ii)"
9903.05.03@BR,27012000,,,"FR 2026-14542, U.S. note 50(a)(ii)"
9903.05.03@BR,28419020,,,"FR 2026-14542, U.S. note 50(a)(ii)"
9903.05.03@BR,31055900,,,"FR 2026-14542, U.S. note 50(a)(ii)"
9903.05.03@BR,74031200,,,"FR 2026-14542, U.S. note 50(a)(ii)"
9903.05.03@BR,97053100,,,"FR 2026-14542, U.S. note 50(a)(ii)"
9903.05.03@BR,09030000,,,"FR 2026-14542, U.S. note 50(a)(ii)"
9903.05.03@BR,27021000,,,"FR 2026-14542, U.S. note 50(a)(ii)"
9903.05.03@BR,28441010,,,"FR 2026-14542, U.S. note 50(a)(ii)"
9903.05.03@BR,31056000,,,"FR 2026-14542, U.S. note 50(a)(ii)"
9903.05.03@BR,74031300,,,"FR 2026-14542, U.S. note 50(a)(ii)"
9903.05.03@BR,97053900,,,"FR 2026-14542, U.S. note 50(a)(ii)"
9903.05.03@BR,09041100,,,"FR 2026-14542, U.S. note 50(a)(ii)"
9903.05.03@BR,27022000,,,"FR 2026-14542, U.S. note 50(a)(ii)"
9903.05.03@BR,28441020,,,"FR 2026-14542, U.S. note 50(a)(ii)"
9903.05.03@BR,31059000,,,"FR 2026-14542, U.S. note 50(a)(ii)"
9903.05.03@BR,74031900,,,"FR 2026-14542, U.S. note 50(a)(ii)"
9903.05.03@BR,97061000,,,"FR 2026-14542, U.S. note 50(a)(ii)"
9903.05.03@BR,09041200,,,"FR 2026-14542, U.S. note 50(a)(ii)"
9903.05.03@BR,27030000,,,"FR 2026-14542, U.S. note 50(a)(ii)"
9903.05.03@BR,28442000,,,"FR 2026-14542, U.S. note 50(a)(ii)"
9903.05.03@BR,32041720,,,"FR 2026-14542, U.S. note 50(a)(ii)"
9903.05.03@BR,74032100,,,"FR 2026-14542, U.S. note 50(a)(ii)"
9903.05.03@BR,97069000,,,"FR 2026-14542, U.S. note 50(a)(ii)"
9903.05.03@BR,09042120,,,"FR 2026-14542, U.S. note 50(a)(ii)"
9903.05.03@BR,27040000,,,"FR 2026-14542, U.S. note 50(a)(ii)"
9903.05.03@BR,28443020,,,"FR 2026-14542, U.S. note 50(a)(ii)"
9903.05.03@BR,32061100,,,"FR 2026-14542, U.S. note 50(a)(ii)"
9903.05.03@BR,74032200,,,"FR 2026-14542, U.S. note 50(a)(ii)"
9903.05.03@BR,09042140,,,"FR 2026-14542, U.S. note 50(a)(ii)"
9903.05.03@BR,27050000,,,"FR 2026-14542, U.S. note 50(a)(ii)"
9903.05.03@BR,28443050,,,"FR 2026-14542, U.S. note 50(a)(ii)"
9903.05.03@BR,32061900,,,"FR 2026-14542, U.S. note 50(a)(ii)"
9903.05.03@BR,74032901,,,"FR 2026-14542, U.S. note 50(a)(ii)"
9903.05.03@BR,09042160,,,"FR 2026-14542, U.S. note 50(a)(ii)"
9903.05.03@BR,27060000,,,"FR 2026-14542, U.S. note 50(a)(ii)"
9903.05.03@BR,28461000,,,"FR 2026-14542, U.S. note 50(a)(ii)"
9903.05.03@BR,33011200,,,"FR 2026-14542, U.S. note 50(a)(ii)"
9903.05.03@BR,74040030,,,"FR 2026-14542, U.S. note 50(a)(ii)"
9903.05.03@BR,09042180,,,"FR 2026-14542, U.S. note 50(a)(ii)"
9903.05.03@BR,27071000,,,"FR 2026-14542, U.S. note 50(a)(ii)"
9903.05.03@BR,28469020,,,"FR 2026-14542, U.S. note 50(a)(ii)"
9903.05.03@BR,33019050,,,"FR 2026-14542, U.S. note 50(a)(ii)"
9903.05.03@BR,74040060,,,"FR 2026-14542, U.S. note 50(a)(ii)"
9903.05.03@BR,09042220,,,"FR 2026-14542, U.S. note 50(a)(ii)"
9903.05.03@BR,27072000,,,"FR 2026-14542, U.S. note 50(a)(ii)"
9903.05.03@BR,28469040,,,"FR 2026-14542, U.S. note 50(a)(ii)"
9903.05.03@BR,36069030,,,"FR 2026-14542, U.S. note 50(a)(ii)"
9903.05.03@BR,74050010,,,"FR 2026-14542, U.S. note 50(a)(ii)"
9903.05.03@BR,09042240,,,"FR 2026-14542, U.S. note 50(a)(ii)"
9903.05.03@BR,27073000,,,"FR 2026-14542, U.S. note 50(a)(ii)"
9903.05.03@BR,28469080,,,"FR 2026-14542, U.S. note 50(a)(ii)"
9903.05.03@BR,38180000,,,"FR 2026-14542, U.S. note 50(a)(ii)"
9903.05.03@BR,74050060,,,"FR 2026-14542, U.S. note 50(a)(ii)"
9903.05.04@BR,08059001,,Etrogs,"FR 2026-14542, U.S. note 50(a)(iii)"
9903.05.04@BR,08119080,,"Tropical fruit, nesoi, frozen, whether or not previously steamed or boiled","FR 2026-14542, U.S. note 50(a)(iii)"
9903.05.04@BR,14049090,,"Date palm branches, Myrtus branches or other vegetable material, for religious purposes only","FR 2026-14542, U.S. note 50(a)(iii)"
9903.05.04@BR,19059010,,"Bread, pastry, cakes, biscuits and similar baked products nesoi, and puddings, whether or not containing chocolate, fruit, nuts or confectionery, for religious purposes only","FR 2026-14542, U.S. note 50(a)(iii)"
9903.05.04@BR,19059090,,"Bakers' wares, communion wafers, sealing wafers, rice paper and similar products, nesoi, for religious purposes only","FR 2026-14542, U.S. note 50(a)(iii)"
9903.05.04@BR,20089921,,Acai,"FR 2026-14542, U.S. note 50(a)(iii)"
9903.05.04@BR,20093160,,"Citrus juice of any single citrus fruit (other than orange, grapefruit or lime), of a Brix value not exceeding 20, concentrated, unfermented, except for lemon juice","FR 2026-14542, U.S. note 50(a)(iii)"
9903.05.04@BR,20098970,,Coconut water or juice of acai,"FR 2026-14542, U.S. note 50(a)(iii)"
9903.05.04@BR,20099040,,"Coconut water juice blends, not from concentrate, packaged for retail sale","FR 2026-14542, U.S. note 50(a)(iii)"
9903.05.04@BR,21069099,,Acai preparations for the manufacture of beverages,"FR 2026-14542, U.S. note 50(a)(iii)"
9903.05.04@BR,33012951,,"Essential oils other than those of citrus fruit, nesoi, for religious purposes only","FR 2026-14542, U.S. note 50(a)(iii)"
9903.05.05@BR,39172100,,,"FR 2026-14542, U.S. note 50(a)(iv)"
9903.05.05@BR,76081000,,,"FR 2026-14542, U.S. note 50(a)(iv)"
9903.05.05@BR,84212900,,,"FR 2026-14542, U.S. note 50(a)(iv)"
9903.05.05@BR,85023900,,,"FR 2026-14542, U.S. note 50(a)(iv)"
9903.05.05@BR,85299055,,,"FR 2026-14542, U.S. note 50(a)(iv)"
9903.05.05@BR,90258050,,,"FR 2026-14542, U.S. note 50(a)(iv)"
9903.05.05@BR,39172200,,,"FR 2026-14542, U.S. note 50(a)(iv)"
9903.05.05@BR,76082000,,,"FR 2026-14542, U.S. note 50(a)(iv)"
9903.05.05@BR,84213100,,,"FR 2026-14542, U.S. note 50(a)(iv)"
9903.05.05@BR,85024000,,,"FR 2026-14542, U.S. note 50(a)(iv)"
9903.05.05@BR,85299063,,,"FR 2026-14542, U.S. note 50(a)(iv)"
9903.05.05@BR,90259006,,,"FR 2026-14542, U.S. note 50(a)(iv)"
9903.05.05@BR,39172300,,,"FR 2026-14542, U.S. note 50(a)(iv)"
9903.05.05@BR,83021060,,,"FR 2026-14542, U.S. note 50(a)(iv)"
9903.05.05@BR,84213200,,,"FR 2026-14542, U.S. note 50(a)(iv)"
9903.05.05@BR,85041000,,,"FR 2026-14542, U.S. note 50(a)(iv)"
9903.05.05@BR,85299068,,,"FR 2026-14542, U.S. note 50(a)(iv)"
9903.05.05@BR,90261020,,,"FR 2026-14542, U.S. note 50(a)(iv)"
9903.05.05@BR,39172900,,,"FR 2026-14542, U.S. note 50(a)(iv)"
9903.05.05@BR,83021090,,,"FR 2026-14542, U.S. note 50(a)(iv)"
9903.05.05@BR,84213901,,,"FR 2026-14542, U.S. note 50(a)(iv)"
9903.05.05@BR,85043120,,,"FR 2026-14542, U.S. note 50(a)(iv)"
9903.05.05@BR,85299073,,,"FR 2026-14542, U.S. note 50(a)(iv)"
9903.05.05@BR,90261040,,,"FR 2026-14542, U.S. note 50(a)(iv)"
9903.05.05@BR,39173100,,,"FR 2026-14542, U.S. note 50(a)(iv)"
9903.05.05@BR,83022000,,,"FR 2026-14542, U.S. note 50(a)(iv)"
9903.05.05@BR,84241000,,,"FR 2026-14542, U.S. note 50(a)(iv)"
9903.05.05@BR,85043140,,,"FR 2026-14542, U.S. note 50(a)(iv)"
9903.05.05@BR,85299077,,,"FR 2026-14542, U.S. note 50(a)(iv)"
9903.05.05@BR,90261060,,,"FR 2026-14542, U.S. note 50(a)(iv)"
9903.05.05@BR,39173300,,,"FR 2026-14542, U.S. note 50(a)(iv)"
9903.05.05@BR,83024230,,,"FR 2026-14542, U.S. note 50(a)(iv)"
9903.05.05@BR,84251100,,,"FR 2026-14542, U.S. note 50(a)(iv)"
9903.05.05@BR,85043160,,,"FR 2026-14542, U.S. note 50(a)(iv)"
9903.05.05@BR,85299078,,,"FR 2026-14542, U.S. note 50(a)(iv)"
9903.05.05@BR,90262040,,,"FR 2026-14542, U.S. note 50(a)(iv)"
9903.05.05@BR,39173900,,,"FR 2026-14542, U.S. note 50(a)(iv)"
9903.05.05@BR,83024260,,,"FR 2026-14542, U.S. note 50(a)(iv)"
9903.05.05@BR,84251900,,,"FR 2026-14542, U.S. note 50(a)(iv)"
9903.05.05@BR,85043200,,,"FR 2026-14542, U.S. note 50(a)(iv)"
9903.05.05@BR,85299081,,,"FR 2026-14542, U.S. note 50(a)(iv)"
9903.05.05@BR,90262080,,,"FR 2026-14542, U.S. note 50(a)(iv)"
9903.05.05@BR,39174000,,,"FR 2026-14542, U.S. note 50(a)(iv)"
9903.05.05@BR,83024940,,,"FR 2026-14542, U.S. note 50(a)(iv)"
9903.05.05@BR,84253101,,,"FR 2026-14542, U.S. note 50(a)(iv)"
9903.05.05@BR,85043300,,,"FR 2026-14542, U.S. note 50(a)(iv)"
9903.05.05@BR,85299083,,,"FR 2026-14542, U.S. note 50(a)(iv)"
9903.05.05@BR,90268020,,,"FR 2026-14542, U.S. note 50(a)(iv)"
9903.05.05@BR,39269045,,,"FR 2026-14542, U.S. note 50(a)(iv)"
9903.05.05@BR,83024960,,,"FR 2026-14542, U.S. note 50(a)(iv)"
9903.05.05@BR,84253901,,,"FR 2026-14542, U.S. note 50(a)(iv)"
9903.05.05@BR,85044040,,,"FR 2026-14542, U.S. note 50(a)(iv)"
9903.05.05@BR,85299087,,,"FR 2026-14542, U.S. note 50(a)(iv)"
9903.05.05@BR,90268040,,,"FR 2026-14542, U.S. note 50(a)(iv)"
9903.05.05@BR,39269094,,,"FR 2026-14542, U.S. note 50(a)(iv)"
9903.05.05@BR,83024980,,,"FR 2026-14542, U.S. note 50(a)(iv)"
9903.05.05@BR,84254200,,,"FR 2026-14542, U.S. note 50(a)(iv)"
9903.05.05@BR,85044060,,,"FR 2026-14542, U.S. note 50(a)(iv)"
9903.05.05@BR,85299088,,,"FR 2026-14542, U.S. note 50(a)(iv)"
9903.05.05@BR,90268060,,,"FR 2026-14542, U.S. note 50(a)(iv)"
9903.05.05@BR,39269096,,,"FR 2026-14542, U.S. note 50(a)(iv)"
9903.05.05@BR,83026030,,,"FR 2026-14542, U.S. note 50(a)(iv)"
9903.05.05@BR,84254900,,,"FR 2026-14542, U.S. note 50(a)(iv)"
9903.05.05@BR,85044070,,,"FR 2026-14542, U.S. note 50(a)(iv)"
9903.05.05@BR,85299089,,,"FR 2026-14542, U.S. note 50(a)(iv)"
9903.05.05@BR,90269020,,,"FR 2026-14542, U.S. note 50(a)(iv)"
9903.05.05@BR,39269099,,,"FR 2026-14542, U.S. note 50(a)(iv)"
9903.05.05@BR,83071030,,,"FR 2026-14542, U.S. note 50(a)(iv)"
9903.05.05@BR,84269900,,,"FR 2026-14542, U.S. note 50(a)(iv)"
9903.05.05@BR,85044085,,,"FR 2026-14542, U.S. note 50(a)(iv)"
9903.05.05@BR,85299093,,,"FR 2026-14542, U.S. note 50(a)(iv)"
9903.05.05@BR,90269040,,,"FR 2026-14542, U.S. note 50(a)(iv)"
9903.05.05@BR,40082920,,,"FR 2026-14542, U.S. note 50(a)(iv)"
9903.05.05@BR,83079030,,,"FR 2026-14542, U.S. note 50(a)(iv)"
9903.05.05@BR,84281000,,,"FR 2026-14542, U.S. note 50(a)(iv)"
9903.05.05@BR,85044095,,,"FR 2026-14542, U.S. note 50(a)(iv)"
9903.05.05@BR,85299095,,,"FR 2026-14542, U.S. note 50(a)(iv)"
9903.05.05@BR,90269060,,,"FR 2026-14542, U.S. note 50(a)(iv)"
9903.05.05@BR,40091200,,,"FR 2026-14542, U.S. note 50(a)(iv)"
9903.05.05@BR,84071000,,,"FR 2026-14542, U.S. note 50(a)(iv)"
9903.05.05@BR,84282000,,,"FR 2026-14542, U.S. note 50(a)(iv)"
9903.05.05@BR,85045040,,,"FR 2026-14542, U.S. note 50(a)(iv)"
9903.05.05@BR,85299097,,,"FR 2026-14542, U.S. note 50(a)(iv)"
9903.05.05@BR,90291080,,,"FR 2026-14542, U.S. note 50(a)(iv)"
9903.05.05@BR,40092200,,,"FR 2026-14542, U.S. note 50(a)(iv)"
9903.05.05@BR,84089090,,,"FR 2026-14542, U.S. note 50(a)(iv)"
9903.05.05@BR,84283300,,,"FR 2026-14542, U.S. note 50(a)(iv)"
9903.05.05@BR,85045080,,,"FR 2026-14542, U.S. note 50(a)(iv)"
9903.05.05@BR,85299098,,,"FR 2026-14542, U.S. note 50(a)(iv)"
9903.05.05@BR,90292040,,,"FR 2026-14542, U.S. note 50(a)(iv)"
9903.05.05@BR,40093200,,,"FR 2026-14542, U.S. note 50(a)(iv)"
9903.05.05@BR,84091000,,,"FR 2026-14542, U.S. note 50(a)(iv)"
9903.05.05@BR,84283900,,,"FR 2026-14542, U.S. note 50(a)(iv)"
9903.05.05@BR,85071000,,,"FR 2026-14542, U.S. note 50(a)(iv)"
9903.05.05@BR,85311000,,,"FR 2026-14542, U.S. note 50(a)(iv)"
9903.05.05@BR,90299080,,,"FR 2026-14542, U.S. note 50(a)(iv)"
9903.05.05@BR,40094200,,,"FR 2026-14542, U.S. note 50(a)(iv)"
9903.05.05@BR,84111140,,,"FR 2026-14542, U.S. note 50(a)(iv)"
9903.05.05@BR,84289003,,,"FR 2026-14542, U.S. note 50(a)(iv)"
9903.05.05@BR,85072080,,,"FR 2026-14542, U.S. note 50(a)(iv)"
9903.05.05@BR,85312000,,,"FR 2026-14542, U.S. note 50(a)(iv)"
9903.05.05@BR,90301000,,,"FR 2026-14542, U.S. note 50(a)(iv)"
9903.05.05@BR,40113000,,,"FR 2026-14542, U.S. note 50(a)(iv)"
9903.05.05@BR,84111180,,,"FR 2026-14542, U.S. note 50(a)(iv)"
9903.05.05@BR,84433100,,,"FR 2026-14542, U.S. note 50(a)(iv)"
9903.05.05@BR,85073080,,,"FR 2026-14542, U.S. note 50(a)(iv)"
9903.05.05@BR,85318015,,,"FR 2026-14542, U.S. note 50(a)(iv)"
9903.05.05@BR,90302005,,,"FR 2026-14542, U.S. note 50(a)(iv)"
9903.05.05@BR,40121300,,,"FR 2026-14542, U.S. note 50(a)(iv)"
9903.05.05@BR,84111240,,,"FR 2026-14542, U.S. note 50(a)(iv)"
9903.05.05@BR,84433210,,,"FR 2026-14542, U.S. note 50(a)(iv)"
9903.05.05@BR,85075000,,,"FR 2026-14542, U.S. note 50(a)(iv)"
9903.05.05@BR,85318090,,,"FR 2026-14542, U.S. note 50(a)(iv)"
9903.05.05@BR,90302010,,,"FR 2026-14542, U.S. note 50(a)(iv)"
9903.05.05@BR,40122010,,,"FR 2026-14542, U.S. note 50(a)(iv)"
9903.05.05@BR,84111280,,,"FR 2026-14542, U.S. note 50(a)(iv)"
9903.05.05@BR,84433250,,,"FR 2026-14542, U.S. note 50(a)(iv)"
9903.05.05@BR,85076000,,,"FR 2026-14542, U.S. note 50(a)(iv)"
9903.05.05@BR,85367000,,,"FR 2026-14542, U.S. note 50(a)(iv)"
9903.05.05@BR,90303100,,,"FR 2026-14542, U.S. note 50(a)(iv)"
9903.05.05@BR,40161000,,,"FR 2026-14542, U.S. note 50(a)(iv)"
9903.05.05@BR,84112140,,,"FR 2026-14542, U.S. note 50(a)(iv)"
9903.05.05@BR,84798910,,,"FR 2026-14542, U.S. note 50(a)(iv)"
9903.05.05@BR,85078082,,,"FR 2026-14542, U.S. note 50(a)(iv)"
9903.05.05@BR,85391000,,,"FR 2026-14542, U.S. note 50(a)(iv)"
9903.05.05@BR,90303200,,,"FR 2026-14542, U.S. note 50(a)(iv)"
9903.05.05@BR,40169350,,,"FR 2026-14542, U.S. note 50(a)(iv)"
9903.05.05@BR,84112180,,,"FR 2026-14542, U.S. note 50(a)(iv)"
9903.05.05@BR,84798920,,,"FR 2026-14542, U.S. note 50(a)(iv)"
9903.05.05@BR,85079040,,,"FR 2026-14542, U.S. note 50(a)(iv)"
9903.05.05@BR,85395100,,,"FR 2026-14542, U.S. note 50(a)(iv)"
9903.05.05@BR,90303334,,,"FR 2026-14542, U.S. note 50(a)(iv)"
9903.05.05@BR,40169935,,,"FR 2026-14542, U.S. note 50(a)(iv)"
9903.05.05@BR,84112240,,,"FR 2026-14542, U.S. note 50(a)(iv)"
9903.05.05@BR,84798965,,,"FR 2026-14542, U.S. note 50(a)(iv)"
9903.05.05@BR,85079080,,,"FR 2026-14542, U.S. note 50(a)(iv)"
9903.05.05@BR,85437042,,,"FR 2026-14542, U.S. note 50(a)(iv)"
9903.05.05@BR,90303338,,,"FR 2026-14542, U.S. note 50(a)(iv)"
9903.05.05@BR,40169960,,,"FR 2026-14542, U.S. note 50(a)(iv)"
9903.05.05@BR,84112280,,,"FR 2026-14542, U.S. note 50(a)(iv)"
9903.05.05@BR,84798970,,,"FR 2026-14542, U.S. note 50(a)(iv)"
9903.05.05@BR,85111000,,,"FR 2026-14542, U.S. note 50(a)(iv)"
9903.05.05@BR,85437045,,,"FR 2026-14542, U.S. note 50(a)(iv)"
9903.05.05@BR,90303901,,,"FR 2026-14542, U.S. note 50(a)(iv)"
9903.05.05@BR,40170000,,,"FR 2026-14542, U.S. note 50(a)(iv)"
9903.05.05@BR,84118140,,,"FR 2026-14542, U.S. note 50(a)(iv)"
9903.05.05@BR,84798995,,,"FR 2026-14542, U.S. note 50(a)(iv)"
9903.05.05@BR,85112000,,,"FR 2026-14542, U.S. note 50(a)(iv)"
9903.05.05@BR,85437060,,,"FR 2026-14542, U.S. note 50(a)(iv)"
9903.05.05@BR,90304000,,,"FR 2026-14542, U.S. note 50(a)(iv)"
9903.05.05@BR,45049000,,,"FR 2026-14542, U.S. note 50(a)(iv)"
9903.05.05@BR,84118240,,,"FR 2026-14542, U.S. note 50(a)(iv)"
9903.05.05@BR,84799041,,,"FR 2026-14542, U.S. note 50(a)(iv)"
9903.05.05@BR,85113000,,,"FR 2026-14542, U.S. note 50(a)(iv)"
9903.05.05@BR,85437080,,,"FR 2026-14542, U.S. note 50(a)(iv)"
9903.05.05@BR,90308400,,,"FR 2026-14542, U.S. note 50(a)(iv)"
9903.05.05@BR,48239010,,,"FR 2026-14542, U.S. note 50(a)(iv)"
9903.05.05@BR,84119110,,,"FR 2026-14542, U.S. note 50(a)(iv)"
9903.05.05@BR,84799045,,,"FR 2026-14542, U.S. note 50(a)(iv)"
9903.05.05@BR,85114000,,,"FR 2026-14542, U.S. note 50(a)(iv)"
9903.05.05@BR,85437091,,,"FR 2026-14542, U.S. note 50(a)(iv)"
9903.05.05@BR,90308901,,,"FR 2026-14542, U.S. note 50(a)(iv)"
9903.05.05@BR,48239020,,,"FR 2026-14542, U.S. note 50(a)(iv)"
9903.05.05@BR,84119190,,,"FR 2026-14542, U.S. note 50(a)(iv)"
9903.05.05@BR,84799055,,,"FR 2026-14542, U.S. note 50(a)(iv)"
9903.05.05@BR,85115000,,,"FR 2026-14542, U.S. note 50(a)(iv)"
9903.05.05@BR,85437095,,,"FR 2026-14542, U.S. note 50(a)(iv)"
9903.05.05@BR,90309025,,,"FR 2026-14542, U.S. note 50(a)(iv)"
9903.05.05@BR,48239031,,,"FR 2026-14542, U.S. note 50(a)(iv)"
9903.05.05@BR,84119910,,,"FR 2026-14542, U.S. note 50(a)(iv)"
9903.05.05@BR,84799065,,,"FR 2026-14542, U.S. note 50(a)(iv)"
9903.05.05@BR,85118020,,,"FR 2026-14542, U.S. note 50(a)(iv)"
9903.05.05@BR,85439012,,,"FR 2026-14542, U.S. note 50(a)(iv)"
9903.05.05@BR,90309046,,,"FR 2026-14542, U.S. note 50(a)(iv)"
9903.05.05@BR,48239040,,,"FR 2026-14542, U.S. note 50(a)(iv)"
9903.05.05@BR,84119990,,,"FR 2026-14542, U.S. note 50(a)(iv)"
9903.05.05@BR,84799075,,,"FR 2026-14542, U.S. note 50(a)(iv)"
9903.05.05@BR,85118040,,,"FR 2026-14542, U.S. note 50(a)(iv)"
9903.05.05@BR,85439015,,,"FR 2026-14542, U.S. note 50(a)(iv)"
9903.05.05@BR,90309066,,,"FR 2026-14542, U.S. note 50(a)(iv)"
9903.05.05@BR,48239050,,,"FR 2026-14542, U.S. note 50(a)(iv)"
9903.05.05@BR,84121000,,,"FR 2026-14542, U.S. note 50(a)(iv)"
9903.05.05@BR,84799085,,,"FR 2026-14542, U.S. note 50(a)(iv)"
9903.05.05@BR,85118060,,,"FR 2026-14542, U.S. note 50(a)(iv)"
9903.05.05@BR,85439035,,,"FR 2026-14542, U.S. note 50(a)(iv)"
9903.05.05@BR,90309068,,,"FR 2026-14542, U.S. note 50(a)(iv)"
9903.05.05@BR,48239060,,,"FR 2026-14542, U.S. note 50(a)(iv)"
9903.05.05@BR,84122100,,,"FR 2026-14542, U.S. note 50(a)(iv)"
9903.05.05@BR,84799095,,,"FR 2026-14542, U.S. note 50(a)(iv)"
9903.05.05@BR,85142040,,,"FR 2026-14542, U.S. note 50(a)(iv)"
9903.05.05@BR,85439065,,,"FR 2026-14542, U.S. note 50(a)(iv)"
9903.05.05@BR,90309084,,,"FR 2026-14542, U.S. note 50(a)(iv)"
9903.05.05@BR,48239067,,,"FR 2026-14542, U.S. note 50(a)(iv)"
9903.05.05@BR,84122940,,,"FR 2026-14542, U.S. note 50(a)(iv)"
9903.05.05@BR,84831010,,,"FR 2026-14542, U.S. note 50(a)(iv)"
9903.05.05@BR,85168040,,,"FR 2026-14542, U.S. note 50(a)(iv)"
9903.05.05@BR,85439068,,,"FR 2026-14542, U.S. note 50(a)(iv)"
9903.05.05@BR,90309089,,,"FR 2026-14542, U.S. note 50(a)(iv)"
9903.05.05@BR,48239070,,,"FR 2026-14542, U.S. note 50(a)(iv)"
9903.05.05@BR,84122980,,,"FR 2026-14542, U.S. note 50(a)(iv)"
9903.05.05@BR,84831030,,,"FR 2026-14542, U.S. note 50(a)(iv)"
9903.05.05@BR,85168080,,,"FR 2026-14542, U.S. note 50(a)(iv)"
9903.05.05@BR,85439085,,,"FR 2026-14542, U.S. note 50(a)(iv)"
9903.05.05@BR,90318040,,,"FR 2026-14542, U.S. note 50(a)(iv)"
9903.05.05@BR,48239080,,,"FR 2026-14542, U.S. note 50(a)(iv)"
9903.05.05@BR,84123100,,,"FR 2026-14542, U.S. note 50(a)(iv)"
9903.05.05@BR,84831050,,,"FR 2026-14542, U.S. note 50(a)(iv)"
9903.05.05@BR,85171400,,,"FR 2026-14542, U.S. note 50(a)(iv)"
9903.05.05@BR,85439088,,,"FR 2026-14542, U.S. note 50(a)(iv)"
9903.05.05@BR,90318080,,,"FR 2026-14542, U.S. note 50(a)(iv)"
9903.05.05@BR,48239086,,,"FR 2026-14542, U.S. note 50(a)(iv)"
9903.05.05@BR,84123900,,,"FR 2026-14542, U.S. note 50(a)(iv)"
9903.05.05@BR,84833040,,,"FR 2026-14542, U.S. note 50(a)(iv)"
9903.05.05@BR,85176100,,,"FR 2026-14542, U.S. note 50(a)(iv)"
9903.05.05@BR,85443000,,,"FR 2026-14542, U.S. note 50(a)(iv)"
9903.05.05@BR,90319021,,,"FR 2026-14542, U.S. note 50(a)(iv)"
9903.05.05@BR,68128090,,,"FR 2026-14542, U.S. note 50(a)(iv)"
9903.05.05@BR,84128010,,,"FR 2026-14542, U.S. note 50(a)(iv)"
9903.05.05@BR,84833080,,,"FR 2026-14542, U.S. note 50(a)(iv)"
9903.05.05@BR,85176900,,,"FR 2026-14542, U.S. note 50(a)(iv)"
9903.05.05@BR,88010000,,,"FR 2026-14542, U.S. note 50(a)(iv)"
9903.05.05@BR,90319045,,,"FR 2026-14542, U.S. note 50(a)(iv)"
9903.05.05@BR,68129910,,,"FR 2026-14542, U.S. note 50(a)(iv)"
9903.05.05@BR,84128090,,,"FR 2026-14542, U.S. note 50(a)(iv)"
9903.05.05@BR,84834010,,,"FR 2026-14542, U.S. note 50(a)(iv)"
9903.05.05@BR,85177100,,,"FR 2026-14542, U.S. note 50(a)(iv)"
9903.05.05@BR,88021101,,,"FR 2026-14542, U.S. note 50(a)(iv)"
9903.05.05@BR,90319054,,,"FR 2026-14542, U.S. note 50(a)(iv)"
9903.05.05@BR,68129920,,,"FR 2026-14542, U.S. note 50(a)(iv)"
9903.05.05@BR,84129090,,,"FR 2026-14542, U.S. note 50(a)(iv)"
9903.05.05@BR,84834030,,,"FR 2026-14542, U.S. note 50(a)(iv)"
9903.05.05@BR,85181040,,,"FR 2026-14542, U.S. note 50(a)(iv)"
9903.05.05@BR,88021201,,,"FR 2026-14542, U.S. note 50(a)(iv)"
9903.05.05@BR,90319059,,,"FR 2026-14542, U.S. note 50(a)(iv)"
9903.05.05@BR,68129990,,,"FR 2026-14542, U.S. note 50(a)(iv)"
9903.05.05@BR,84131900,,,"FR 2026-14542, U.S. note 50(a)(iv)"
9903.05.05@BR,84834050,,,"FR 2026-14542, U.S. note 50(a)(iv)"
9903.05.05@BR,85181080,,,"FR 2026-14542, U.S. note 50(a)(iv)"
9903.05.05@BR,88022001,,,"FR 2026-14542, U.S. note 50(a)(iv)"
9903.05.05@BR,90319070,,,"FR 2026-14542, U.S. note 50(a)(iv)"
9903.05.05@BR,68132000,,,"FR 2026-14542, U.S. note 50(a)(iv)"
9903.05.05@BR,84132000,,,"FR 2026-14542, U.S. note 50(a)(iv)"
9903.05.05@BR,84834070,,,"FR 2026-14542, U.S. note 50(a)(iv)"
9903.05.05@BR,85182100,,,"FR 2026-14542, U.S. note 50(a)(iv)"
9903.05.05@BR,88023001,,,"FR 2026-14542, U.S. note 50(a)(iv)"
9903.05.05@BR,90319091,,,"FR 2026-14542, U.S. note 50(a)(iv)"
9903.05.05@BR,68138100,,,"FR 2026-14542, U.S. note 50(a)(iv)"
9903.05.05@BR,84133010,,,"FR 2026-14542, U.S. note 50(a)(iv)"
9903.05.05@BR,84834080,,,"FR 2026-14542, U.S. note 50(a)(iv)"
9903.05.05@BR,85182200,,,"FR 2026-14542, U.S. note 50(a)(iv)"
9903.05.05@BR,88024001,,,"FR 2026-14542, U.S. note 50(a)(iv)"
9903.05.05@BR,90321000,,,"FR 2026-14542, U.S. note 50(a)(iv)"
9903.05.05@BR,68138900,,,"FR 2026-14542, U.S. note 50(a)(iv)"
9903.05.05@BR,84133090,,,"FR 2026-14542, U.S. note 50(a)(iv)"
9903.05.05@BR,84834090,,,"FR 2026-14542, U.S. note 50(a)(iv)"
9903.05.05@BR,85182940,,,"FR 2026-14542, U.S. note 50(a)(iv)"
9903.05.05@BR,88052900,,,"FR 2026-14542, U.S. note 50(a)(iv)"
9903.05.05@BR,90322000,,,"FR 2026-14542, U.S. note 50(a)(iv)"
9903.05.05@BR,70072111,,,"FR 2026-14542, U.S. note 50(a)(iv)"
9903.05.05@BR,84135000,,,"FR 2026-14542, U.S. note 50(a)(iv)"
9903.05.05@BR,84835040,,,"FR 2026-14542, U.S. note 50(a)(iv)"
9903.05.05@BR,85182980,,,"FR 2026-14542, U.S. note 50(a)(iv)"
9903.05.05@BR,88061000,,,"FR 2026-14542, U.S. note 50(a)(iv)"
9903.05.05@BR,90328100,,,"FR 2026-14542, U.S. note 50(a)(iv)"
9903.05.05@BR,73043130,,,"FR 2026-14542, U.S. note 50(a)(iv)"
9903.05.05@BR,84136000,,,"FR 2026-14542, U.S. note 50(a)(iv)"
9903.05.05@BR,84835060,,,"FR 2026-14542, U.S. note 50(a)(iv)"
9903.05.05@BR,85183010,,,"FR 2026-14542, U.S. note 50(a)(iv)"
9903.05.05@BR,88062100,,,"FR 2026-14542, U.S. note 50(a)(iv)"
9903.05.05@BR,90328920,,,"FR 2026-14542, U.S. note 50(a)(iv)"
9903.05.05@BR,73043160,,,"FR 2026-14542, U.S. note 50(a)(iv)"
9903.05.05@BR,84137010,,,"FR 2026-14542, U.S. note 50(a)(iv)"
9903.05.05@BR,84835090,,,"FR 2026-14542, U.S. note 50(a)(iv)"
9903.05.05@BR,85183020,,,"FR 2026-14542, U.S. note 50(a)(iv)"
9903.05.05@BR,88062200,,,"FR 2026-14542, U.S. note 50(a)(iv)"
9903.05.05@BR,90328940,,,"FR 2026-14542, U.S. note 50(a)(iv)"
9903.05.05@BR,73043900,,,"FR 2026-14542, U.S. note 50(a)(iv)"
9903.05.05@BR,84137020,,,"FR 2026-14542, U.S. note 50(a)(iv)"
9903.05.05@BR,84836040,,,"FR 2026-14542, U.S. note 50(a)(iv)"
9903.05.05@BR,85184010,,,"FR 2026-14542, U.S. note 50(a)(iv)"
9903.05.05@BR,88062300,,,"FR 2026-14542, U.S. note 50(a)(iv)"
9903.05.05@BR,90328960,,,"FR 2026-14542, U.S. note 50(a)(iv)"
9903.05.05@BR,73044130,,,"FR 2026-14542, U.S. note 50(a)(iv)"
9903.05.05@BR,84138100,,,"FR 2026-14542, U.S. note 50(a)(iv)"
9903.05.05@BR,84836080,,,"FR 2026-14542, U.S. note 50(a)(iv)"
9903.05.05@BR,85184020,,,"FR 2026-14542, U.S. note 50(a)(iv)"
9903.05.05@BR,88062400,,,"FR 2026-14542, U.S. note 50(a)(iv)"
9903.05.05@BR,90329021,,,"FR 2026-14542, U.S. note 50(a)(iv)"
9903.05.05@BR,73044160,,,"FR 2026-14542, U.S. note 50(a)(iv)"
9903.05.05@BR,84139110,,,"FR 2026-14542, U.S. note 50(a)(iv)"
9903.05.05@BR,84839010,,,"FR 2026-14542, U.S. note 50(a)(iv)"
9903.05.05@BR,85185000,,,"FR 2026-14542, U.S. note 50(a)(iv)"
9903.05.05@BR,88062900,,,"FR 2026-14542, U.S. note 50(a)(iv)"
9903.05.05@BR,90329041,,,"FR 2026-14542, U.S. note 50(a)(iv)"
9903.05.05@BR,73044900,,,"FR 2026-14542, U.S. note 50(a)(iv)"
9903.05.05@BR,84139120,,,"FR 2026-14542, U.S. note 50(a)(iv)"
9903.05.05@BR,84839020,,,"FR 2026-14542, U.S. note 50(a)(iv)"
9903.05.05@BR,85198110,,,"FR 2026-14542, U.S. note 50(a)(iv)"
9903.05.05@BR,88069100,,,"FR 2026-14542, U.S. note 50(a)(iv)"
9903.05.05@BR,90329061,,,"FR 2026-14542, U.S. note 50(a)(iv)"
9903.05.05@BR,73045110,,,"FR 2026-14542, U.S. note 50(a)(iv)"
9903.05.05@BR,84139190,,,"FR 2026-14542, U.S. note 50(a)(iv)"
9903.05.05@BR,84839030,,,"FR 2026-14542, U.S. note 50(a)(iv)"
9903.05.05@BR,85198120,,,"FR 2026-14542, U.S. note 50(a)(iv)"
9903.05.05@BR,88069200,,,"FR 2026-14542, U.S. note 50(a)(iv)"
9903.05.05@BR,90330090,,,"FR 2026-14542, U.S. note 50(a)(iv)"
9903.05.05@BR,73045150,,,"FR 2026-14542, U.S. note 50(a)(iv)"
9903.05.05@BR,84141000,,,"FR 2026-14542, U.S. note 50(a)(iv)"
9903.05.05@BR,84839050,,,"FR 2026-14542, U.S. note 50(a)(iv)"
9903.05.05@BR,85198125,,,"FR 2026-14542, U.S. note 50(a)(iv)"
9903.05.05@BR,88069300,,,"FR 2026-14542, U.S. note 50(a)(iv)"
9903.05.05@BR,91040005,,,"FR 2026-14542, U.S. note 50(a)(iv)"
9903.05.05@BR,73045910,,,"FR 2026-14542, U.S. note 50(a)(iv)"
9903.05.05@BR,84142000,,,"FR 2026-14542, U.S. note 50(a)(iv)"
9903.05.05@BR,84839080,,,"FR 2026-14542, U.S. note 50(a)(iv)"
9903.05.05@BR,85198130,,,"FR 2026-14542, U.S. note 50(a)(iv)"
9903.05.05@BR,88069400,,,"FR 2026-14542, U.S. note 50(a)(iv)"
9903.05.05@BR,91040010,,,"FR 2026-14542, U.S. note 50(a)(iv)"
9903.05.05@BR,73045920,,,"FR 2026-14542, U.S. note 50(a)(iv)"
9903.05.05@BR,84143040,,,"FR 2026-14542, U.S. note 50(a)(iv)"
9903.05.05@BR,84841000,,,"FR 2026-14542, U.S. note 50(a)(iv)"
9903.05.05@BR,85198141,,,"FR 2026-14542, U.S. note 50(a)(iv)"
9903.05.05@BR,88069900,,,"FR 2026-14542, U.S. note 50(a)(iv)"
9903.05.05@BR,91040020,,,"FR 2026-14542, U.S. note 50(a)(iv)"
9903.05.05@BR,73045960,,,"FR 2026-14542, U.S. note 50(a)(iv)"
9903.05.05@BR,84143080,,,"FR 2026-14542, U.S. note 50(a)(iv)"
9903.05.05@BR,84849000,,,"FR 2026-14542, U.S. note 50(a)(iv)"
9903.05.05@BR,85198910,,,"FR 2026-14542, U.S. note 50(a)(iv)"
9903.05.05@BR,88071000,,,"FR 2026-14542, U.S. note 50(a)(iv)"
9903.05.05@BR,91040025,,,"FR 2026-14542, U.S. note 50(a)(iv)"
9903.05.05@BR,73045980,,,"FR 2026-14542, U.S. note 50(a)(iv)"
9903.05.05@BR,84145130,,,"FR 2026-14542, U.S. note 50(a)(iv)"
9903.05.05@BR,85012050,,,"FR 2026-14542, U.S. note 50(a)(iv)"
9903.05.05@BR,85198920,,,"FR 2026-14542, U.S. note 50(a)(iv)"
9903.05.05@BR,88072000,,,"FR 2026-14542, U.S. note 50(a)(iv)"
9903.05.05@BR,91040030,,,"FR 2026-14542, U.S. note 50(a)(iv)"
9903.05.05@BR,73049010,,,"FR 2026-14542, U.S. note 50(a)(iv)"
9903.05.05@BR,84145190,,,"FR 2026-14542, U.S. note 50(a)(iv)"
9903.05.05@BR,85012060,,,"FR 2026-14542, U.S. note 50(a)(iv)"
9903.05.05@BR,85198930,,,"FR 2026-14542, U.S. note 50(a)(iv)"
9903.05.05@BR,88073000,,,"FR 2026-14542, U.S. note 50(a)(iv)"
9903.05.05@BR,91040040,,,"FR 2026-14542, U.S. note 50(a)(iv)"
9903.05.05@BR,73049030,,,"FR 2026-14542, U.S. note 50(a)(iv)"
9903.05.05@BR,84145930,,,"FR 2026-14542, U.S. note 50(a)(iv)"
9903.05.05@BR,85013150,,,"FR 2026-14542, U.S. note 50(a)(iv)"
9903.05.05@BR,85211030,,,"FR 2026-14542, U.S. note 50(a)(iv)"
9903.05.05@BR,88079090,,,"FR 2026-14542, U.S. note 50(a)(iv)"
9903.05.05@BR,91040045,,,"FR 2026-14542, U.S. note 50(a)(iv)"
9903.05.05@BR,73049050,,,"FR 2026-14542, U.S. note 50(a)(iv)"
9903.05.05@BR,84145965,,,"FR 2026-14542, U.S. note 50(a)(iv)"
9903.05.05@BR,85013160,,,"FR 2026-14542, U.S. note 50(a)(iv)"
9903.05.05@BR,85211060,,,"FR 2026-14542, U.S. note 50(a)(iv)"
9903.05.05@BR,90019040,,,"FR 2026-14542, U.S. note 50(a)(iv)"
9903.05.05@BR,91040050,,,"FR 2026-14542, U.S. note 50(a)(iv)"
9903.05.05@BR,73049070,,,"FR 2026-14542, U.S. note 50(a)(iv)"
9903.05.05@BR,84148005,,,"FR 2026-14542, U.S. note 50(a)(iv)"
9903.05.05@BR,85013181,,,"FR 2026-14542, U.S. note 50(a)(iv)"
9903.05.05@BR,85211090,,,"FR 2026-14542, U.S. note 50(a)(iv)"
9903.05.05@BR,90019050,,,"FR 2026-14542, U.S. note 50(a)(iv)"
9903.05.05@BR,91040060,,,"FR 2026-14542, U.S. note 50(a)(iv)"
9903.05.05@BR,73063010,,,"FR 2026-14542, U.S. note 50(a)(iv)"
9903.05.05@BR,84148016,,,"FR 2026-14542, U.S. note 50(a)(iv)"
9903.05.05@BR,85013220,,,"FR 2026-14542, U.S. note 50(a)(iv)"
9903.05.05@BR,85229025,,,"FR 2026-14542, U.S. note 50(a)(iv)"
9903.05.05@BR,90019060,,,"FR 2026-14542, U.S. note 50(a)(iv)"
9903.05.05@BR,91091050,,,"FR 2026-14542, U.S. note 50(a)(iv)"
9903.05.05@BR,73063030,,,"FR 2026-14542, U.S. note 50(a)(iv)"
9903.05.05@BR,84148020,,,"FR 2026-14542, U.S. note 50(a)(iv)"
9903.05.05@BR,85013255,,,"FR 2026-14542, U.S. note 50(a)(iv)"
9903.05.05@BR,85229036,,,"FR 2026-14542, U.S. note 50(a)(iv)"
9903.05.05@BR,90019080,,,"FR 2026-14542, U.S. note 50(a)(iv)"
9903.05.05@BR,91091060,,,"FR 2026-14542, U.S. note 50(a)(iv)"
9903.05.05@BR,73063050,,,"FR 2026-14542, U.S. note 50(a)(iv)"
9903.05.05@BR,84148090,,,"FR 2026-14542, U.S. note 50(a)(iv)"
9903.05.05@BR,85013261,,,"FR 2026-14542, U.S. note 50(a)(iv)"
9903.05.05@BR,85229045,,,"FR 2026-14542, U.S. note 50(a)(iv)"
9903.05.05@BR,90019090,,,"FR 2026-14542, U.S. note 50(a)(iv)"
9903.05.05@BR,91099020,,,"FR 2026-14542, U.S. note 50(a)(iv)"
9903.05.05@BR,73064010,,,"FR 2026-14542, U.S. note 50(a)(iv)"
9903.05.05@BR,84149010,,,"FR 2026-14542, U.S. note 50(a)(iv)"
9903.05.05@BR,85013320,,,"FR 2026-14542, U.S. note 50(a)(iv)"
9903.05.05@BR,85229058,,,"FR 2026-14542, U.S. note 50(a)(iv)"
9903.05.05@BR,90029020,,,"FR 2026-14542, U.S. note 50(a)(iv)"
9903.05.05@BR,94011040,,,"FR 2026-14542, U.S. note 50(a)(iv)"
9903.05.05@BR,73064050,,,"FR 2026-14542, U.S. note 50(a)(iv)"
9903.05.05@BR,84149030,,,"FR 2026-14542, U.S. note 50(a)(iv)"
9903.05.05@BR,85013330,,,"FR 2026-14542, U.S. note 50(a)(iv)"
9903.05.05@BR,85229065,,,"FR 2026-14542, U.S. note 50(a)(iv)"
9903.05.05@BR,90029040,,,"FR 2026-14542, U.S. note 50(a)(iv)"
9903.05.05@BR,94011080,,,"FR 2026-14542, U.S. note 50(a)(iv)"
9903.05.05@BR,73065010,,,"FR 2026-14542, U.S. note 50(a)(iv)"
9903.05.05@BR,84149041,,,"FR 2026-14542, U.S. note 50(a)(iv)"
9903.05.05@BR,85013361,,,"FR 2026-14542, U.S. note 50(a)(iv)"
9903.05.05@BR,85229080,,,"FR 2026-14542, U.S. note 50(a)(iv)"
9903.05.05@BR,90029070,,,"FR 2026-14542, U.S. note 50(a)(iv)"
9903.05.05@BR,94032000,,,"FR 2026-14542, U.S. note 50(a)(iv)"
9903.05.05@BR,73065030,,,"FR 2026-14542, U.S. note 50(a)(iv)"
9903.05.05@BR,84149091,,,"FR 2026-14542, U.S. note 50(a)(iv)"
9903.05.05@BR,85013461,,,"FR 2026-14542, U.S. note 50(a)(iv)"
9903.05.05@BR,85261000,,,"FR 2026-14542, U.S. note 50(a)(iv)"
9903.05.05@BR,90029085,,,"FR 2026-14542, U.S. note 50(a)(iv)"
9903.05.05@BR,94037040,,,"FR 2026-14542, U.S. note 50(a)(iv)"
9903.05.05@BR,73065050,,,"FR 2026-14542, U.S. note 50(a)(iv)"
9903.05.05@BR,84151060,,,"FR 2026-14542, U.S. note 50(a)(iv)"
9903.05.05@BR,85014050,,,"FR 2026-14542, U.S. note 50(a)(iv)"
9903.05.05@BR,85269100,,,"FR 2026-14542, U.S. note 50(a)(iv)"
9903.05.05@BR,90029095,,,"FR 2026-14542, U.S. note 50(a)(iv)"
9903.05.05@BR,94037080,,,"FR 2026-14542, U.S. note 50(a)(iv)"
9903.05.05@BR,73066110,,,"FR 2026-14542, U.S. note 50(a)(iv)"
9903.05.05@BR,84151090,,,"FR 2026-14542, U.S. note 50(a)(iv)"
9903.05.05@BR,85014060,,,"FR 2026-14542, U.S. note 50(a)(iv)"
9903.05.05@BR,85269210,,,"FR 2026-14542, U.S. note 50(a)(iv)"
9903.05.05@BR,90141010,,,"FR 2026-14542, U.S. note 50(a)(iv)"
9903.05.05@BR,94051140,,,"FR 2026-14542, U.S. note 50(a)(iv)"
9903.05.05@BR,73066130,,,"FR 2026-14542, U.S. note 50(a)(iv)"
9903.05.05@BR,84158101,,,"FR 2026-14542, U.S. note 50(a)(iv)"
9903.05.05@BR,85015150,,,"FR 2026-14542, U.S. note 50(a)(iv)"
9903.05.05@BR,85269250,,,"FR 2026-14542, U.S. note 50(a)(iv)"
9903.05.05@BR,90141060,,,"FR 2026-14542, U.S. note 50(a)(iv)"
9903.05.05@BR,94051160,,,"FR 2026-14542, U.S. note 50(a)(iv)"
9903.05.05@BR,73066150,,,"FR 2026-14542, U.S. note 50(a)(iv)"
9903.05.05@BR,84158201,,,"FR 2026-14542, U.S. note 50(a)(iv)"
9903.05.05@BR,85015160,,,"FR 2026-14542, U.S. note 50(a)(iv)"
9903.05.05@BR,85284200,,,"FR 2026-14542, U.S. note 50(a)(iv)"
9903.05.05@BR,90141070,,,"FR 2026-14542, U.S. note 50(a)(iv)"
9903.05.05@BR,94051180,,,"FR 2026-14542, U.S. note 50(a)(iv)"
9903.05.05@BR,73066170,,,"FR 2026-14542, U.S. note 50(a)(iv)"
9903.05.05@BR,84158300,,,"FR 2026-14542, U.S. note 50(a)(iv)"
9903.05.05@BR,85015240,,,"FR 2026-14542, U.S. note 50(a)(iv)"
9903.05.05@BR,85286200,,,"FR 2026-14542, U.S. note 50(a)(iv)"
9903.05.05@BR,90141090,,,"FR 2026-14542, U.S. note 50(a)(iv)"
9903.05.05@BR,94051940,,,"FR 2026-14542, U.S. note 50(a)(iv)"
9903.05.05@BR,73066910,,,"FR 2026-14542, U.S. note 50(a)(iv)"
9903.05.05@BR,84159040,,,"FR 2026-14542, U.S. note 50(a)(iv)"
9903.05.05@BR,85015280,,,"FR 2026-14542, U.S. note 50(a)(iv)"
9903.05.05@BR,85291021,,,"FR 2026-14542, U.S. note 50(a)(iv)"
9903.05.05@BR,90142020,,,"FR 2026-14542, U.S. note 50(a)(iv)"
9903.05.05@BR,94051960,,,"FR 2026-14542, U.S. note 50(a)(iv)"
9903.05.05@BR,73066930,,,"FR 2026-14542, U.S. note 50(a)(iv)"
9903.05.05@BR,84159080,,,"FR 2026-14542, U.S. note 50(a)(iv)"
9903.05.05@BR,85015340,,,"FR 2026-14542, U.S. note 50(a)(iv)"
9903.05.05@BR,85291040,,,"FR 2026-14542, U.S. note 50(a)(iv)"
9903.05.05@BR,90142040,,,"FR 2026-14542, U.S. note 50(a)(iv)"
9903.05.05@BR,94051980,,,"FR 2026-14542, U.S. note 50(a)(iv)"
9903.05.05@BR,73066950,,,"FR 2026-14542, U.S. note 50(a)(iv)"
9903.05.05@BR,84181000,,,"FR 2026-14542, U.S. note 50(a)(iv)"
9903.05.05@BR,85015360,,,"FR 2026-14542, U.S. note 50(a)(iv)"
9903.05.05@BR,85291091,,,"FR 2026-14542, U.S. note 50(a)(iv)"
9903.05.05@BR,90142060,,,"FR 2026-14542, U.S. note 50(a)(iv)"
9903.05.05@BR,94056120,,,"FR 2026-14542, U.S. note 50(a)(iv)"
9903.05.05@BR,73066970,,,"FR 2026-14542, U.S. note 50(a)(iv)"
9903.05.05@BR,84183000,,,"FR 2026-14542, U.S. note 50(a)(iv)"
9903.05.05@BR,85016101,,,"FR 2026-14542, U.S. note 50(a)(iv)"
9903.05.05@BR,85299004,,,"FR 2026-14542, U.S. note 50(a)(iv)"
9903.05.05@BR,90142080,,,"FR 2026-14542, U.S. note 50(a)(iv)"
9903.05.05@BR,94056140,,,"FR 2026-14542, U.S. note 50(a)(iv)"
9903.05.05@BR,73121005,,,"FR 2026-14542, U.S. note 50(a)(iv)"
9903.05.05@BR,84184000,,,"FR 2026-14542, U.S. note 50(a)(iv)"
9903.05.05@BR,85016201,,,"FR 2026-14542, U.S. note 50(a)(iv)"
9903.05.05@BR,85299005,,,"FR 2026-14542, U.S. note 50(a)(iv)"
9903.05.05@BR,90149010,,,"FR 2026-14542, U.S. note 50(a)(iv)"
9903.05.05@BR,94056160,,,"FR 2026-14542, U.S. note 50(a)(iv)"
9903.05.05@BR,73121010,,,"FR 2026-14542, U.S. note 50(a)(iv)"
9903.05.05@BR,84186101,,,"FR 2026-14542, U.S. note 50(a)(iv)"
9903.05.05@BR,85016301,,,"FR 2026-14542, U.S. note 50(a)(iv)"
9903.05.05@BR,85299006,,,"FR 2026-14542, U.S. note 50(a)(iv)"
9903.05.05@BR,90149020,,,"FR 2026-14542, U.S. note 50(a)(iv)"
9903.05.05@BR,94056920,,,"FR 2026-14542, U.S. note 50(a)(iv)"
9903.05.05@BR,73121020,,,"FR 2026-14542, U.S. note 50(a)(iv)"
9903.05.05@BR,84186901,,,"FR 2026-14542, U.S. note 50(a)(iv)"
9903.05.05@BR,85017100,,,"FR 2026-14542, U.S. note 50(a)(iv)"
9903.05.05@BR,85299009,,,"FR 2026-14542, U.S. note 50(a)(iv)"
9903.05.05@BR,90149040,,,"FR 2026-14542, U.S. note 50(a)(iv)"
9903.05.05@BR,94056940,,,"FR 2026-14542, U.S. note 50(a)(iv)"
9903.05.05@BR,73121030,,,"FR 2026-14542, U.S. note 50(a)(iv)"
9903.05.05@BR,84195010,,,"FR 2026-14542, U.S. note 50(a)(iv)"
9903.05.05@BR,85017210,,,"FR 2026-14542, U.S. note 50(a)(iv)"
9903.05.05@BR,85299013,,,"FR 2026-14542, U.S. note 50(a)(iv)"
9903.05.05@BR,90149060,,,"FR 2026-14542, U.S. note 50(a)(iv)"
9903.05.05@BR,94056960,,,"FR 2026-14542, U.S. note 50(a)(iv)"
9903.05.05@BR,73121050,,,"FR 2026-14542, U.S. note 50(a)(iv)"
9903.05.05@BR,84195050,,,"FR 2026-14542, U.S. note 50(a)(iv)"
9903.05.05@BR,85017220,,,"FR 2026-14542, U.S. note 50(a)(iv)"
9903.05.05@BR,85299016,,,"FR 2026-14542, U.S. note 50(a)(iv)"
9903.05.05@BR,90200040,,,"FR 2026-14542, U.S. note 50(a)(iv)"
9903.05.05@BR,94059200,,,"FR 2026-14542, U.S. note 50(a)(iv)"
9903.05.05@BR,73121060,,,"FR 2026-14542, U.S. note 50(a)(iv)"
9903.05.05@BR,84198150,,,"FR 2026-14542, U.S. note 50(a)(iv)"
9903.05.05@BR,85017230,,,"FR 2026-14542, U.S. note 50(a)(iv)"
9903.05.05@BR,85299019,,,"FR 2026-14542, U.S. note 50(a)(iv)"
9903.05.05@BR,90200060,,,"FR 2026-14542, U.S. note 50(a)(iv)"
9903.05.05@BR,94059920,,,"FR 2026-14542, U.S. note 50(a)(iv)"
9903.05.05@BR,73121070,,,"FR 2026-14542, U.S. note 50(a)(iv)"
9903.05.05@BR,84198190,,,"FR 2026-14542, U.S. note 50(a)(iv)"
9903.05.05@BR,85017290,,,"FR 2026-14542, U.S. note 50(a)(iv)"
9903.05.05@BR,85299021,,,"FR 2026-14542, U.S. note 50(a)(iv)"
9903.05.05@BR,90251120,,,"FR 2026-14542, U.S. note 50(a)(iv)"
9903.05.05@BR,94059940,,,"FR 2026-14542, U.S. note 50(a)(iv)"
9903.05.05@BR,73121080,,,"FR 2026-14542, U.S. note 50(a)(iv)"
9903.05.05@BR,84199010,,,"FR 2026-14542, U.S. note 50(a)(iv)"
9903.05.05@BR,85018010,,,"FR 2026-14542, U.S. note 50(a)(iv)"
9903.05.05@BR,85299024,,,"FR 2026-14542, U.S. note 50(a)(iv)"
9903.05.05@BR,90251140,,,"FR 2026-14542, U.S. note 50(a)(iv)"
9903.05.05@BR,96200050,,,"FR 2026-14542, U.S. note 50(a)(iv)"
9903.05.05@BR,73121090,,,"FR 2026-14542, U.S. note 50(a)(iv)"
9903.05.05@BR,84199020,,,"FR 2026-14542, U.S. note 50(a)(iv)"
9903.05.05@BR,85018020,,,"FR 2026-14542, U.S. note 50(a)(iv)"
9903.05.05@BR,85299029,,,"FR 2026-14542, U.S. note 50(a)(iv)"
9903.05.05@BR,90251940,,,"FR 2026-14542, U.S. note 50(a)(iv)"
9903.05.05@BR,96200060,,,"FR 2026-14542, U.S. note 50(a)(iv)"
9903.05.05@BR,73129000,,,"FR 2026-14542, U.S. note 50(a)(iv)"
9903.05.05@BR,84199030,,,"FR 2026-14542, U.S. note 50(a)(iv)"
9903.05.05@BR,85018030,,,"FR 2026-14542, U.S. note 50(a)(iv)"
9903.05.05@BR,85299033,,,"FR 2026-14542, U.S. note 50(a)(iv)"
9903.05.05@BR,90251980,,,"FR 2026-14542, U.S. note 50(a)(iv)"
9903.05.05@BR,73229000,,,"FR 2026-14542, U.S. note 50(a)(iv)"
9903.05.05@BR,84199050,,,"FR 2026-14542, U.S. note 50(a)(iv)"
9903.05.05@BR,85021100,,,"FR 2026-14542, U.S. note 50(a)(iv)"
9903.05.05@BR,85299036,,,"FR 2026-14542, U.S. note 50(a)(iv)"
9903.05.05@BR,90258010,,,"FR 2026-14542, U.S. note 50(a)(iv)"
9903.05.05@BR,73241000,,,"FR 2026-14542, U.S. note 50(a)(iv)"
9903.05.05@BR,84199085,,,"FR 2026-14542, U.S. note 50(a)(iv)"
9903.05.05@BR,85021200,,,"FR 2026-14542, U.S. note 50(a)(iv)"
9903.05.05@BR,85299039,,,"FR 2026-14542, U.S. note 50(a)(iv)"
9903.05.05@BR,90258015,,,"FR 2026-14542, U.S. note 50(a)(iv)"
9903.05.05@BR,73249000,,,"FR 2026-14542, U.S. note 50(a)(iv)"
9903.05.05@BR,84211900,,,"FR 2026-14542, U.S. note 50(a)(iv)"
9903.05.05@BR,85021300,,,"FR 2026-14542, U.S. note 50(a)(iv)"
9903.05.05@BR,85299043,,,"FR 2026-14542, U.S. note 50(a)(iv)"
9903.05.05@BR,90258020,,,"FR 2026-14542, U.S. note 50(a)(iv)"
9903.05.05@BR,73262000,,,"FR 2026-14542, U.S. note 50(a)(iv)"
9903.05.05@BR,84212100,,,"FR 2026-14542, U.S. note 50(a)(iv)"
9903.05.05@BR,85022000,,,"FR 2026-14542, U.S. note 50(a)(iv)"
9903.05.05@BR,85299046,,,"FR 2026-14542, U.S. note 50(a)(iv)"
9903.05.05@BR,90258035,,,"FR 2026-14542, U.S. note 50(a)(iv)"
9903.05.05@BR,74130090,,,"FR 2026-14542, U.S. note 50(a)(iv)"
9903.05.05@BR,84212300,,,"FR 2026-14542, U.S. note 50(a)(iv)"
9903.05.05@BR,85023100,,,"FR 2026-14542, U.S. note 50(a)(iv)"
9903.05.05@BR,85299049,,,"FR 2026-14542, U.S. note 50(a)(iv)"
9903.05.05@BR,90258040,,,"FR 2026-14542, U.S. note 50(a)(iv)"
9903.05.06@BR,28041000,,,"FR 2026-14542, U.S. note 50(a)(v)"
9903.05.06@BR,29071910,,,"FR 2026-14542, U.S. note 50(a)(v)"
9903.05.06@BR,29182250,,,"FR 2026-14542, U.S. note 50(a)(v)"
9903.05.06@BR,29231000,,,"FR 2026-14542, U.S. note 50(a)(v)"
9903.05.06@BR,29332910,,,"FR 2026-14542, U.S. note 50(a)(v)"
9903.05.06@BR,29349930,,,"FR 2026-14542, U.S. note 50(a)(v)"
9903.05.06@BR,28043000,,,"FR 2026-14542, U.S. note 50(a)(v)"
9903.05.06@BR,29071920,,,"FR 2026-14542, U.S. note 50(a)(v)"
9903.05.06@BR,29182310,,,"FR 2026-14542, U.S. note 50(a)(v)"
9903.05.06@BR,29232010,,,"FR 2026-14542, U.S. note 50(a)(v)"
9903.05.06@BR,29332920,,,"FR 2026-14542, U.S. note 50(a)(v)"
9903.05.06@BR,29349939,,,"FR 2026-14542, U.S. note 50(a)(v)"
9903.05.06@BR,28061000,,,"FR 2026-14542, U.S. note 50(a)(v)"
9903.05.06@BR,29071940,,,"FR 2026-14542, U.S. note 50(a)(v)"
9903.05.06@BR,29182330,,,"FR 2026-14542, U.S. note 50(a)(v)"
9903.05.06@BR,29232020,,,"FR 2026-14542, U.S. note 50(a)(v)"
9903.05.06@BR,29332935,,,"FR 2026-14542, U.S. note 50(a)(v)"
9903.05.06@BR,29349944,,,"FR 2026-14542, U.S. note 50(a)(v)"
9903.05.06@BR,28070000,,,"FR 2026-14542, U.S. note 50(a)(v)"
9903.05.06@BR,29071980,,,"FR 2026-14542, U.S. note 50(a)(v)"
9903.05.06@BR,29182350,,,"FR 2026-14542, U.S. note 50(a)(v)"
9903.05.06@BR,29233000,,,"FR 2026-14542, U.S. note 50(a)(v)"
9903.05.06@BR,29332943,,,"FR 2026-14542, U.S. note 50(a)(v)"
9903.05.06@BR,29349947,,,"FR 2026-14542, U.S. note 50(a)(v)"
9903.05.06@BR,28092000,,,"FR 2026-14542, U.S. note 50(a)(v)"
9903.05.06@BR,29072990,,,"FR 2026-14542, U.S. note 50(a)(v)"
9903.05.06@BR,29182920,,,"FR 2026-14542, U.S. note 50(a)(v)"
9903.05.06@BR,29234000,,,"FR 2026-14542, U.S. note 50(a)(v)"
9903.05.06@BR,29332945,,,"FR 2026-14542, U.S. note 50(a)(v)"
9903.05.06@BR,29349970,,,"FR 2026-14542, U.S. note 50(a)(v)"
9903.05.06@BR,28111200,,,"FR 2026-14542, U.S. note 50(a)(v)"
9903.05.06@BR,29081910,,,"FR 2026-14542, U.S. note 50(a)(v)"
9903.05.06@BR,29182922,,,"FR 2026-14542, U.S. note 50(a)(v)"
9903.05.06@BR,29239001,,,"FR 2026-14542, U.S. note 50(a)(v)"
9903.05.06@BR,29332960,,,"FR 2026-14542, U.S. note 50(a)(v)"
9903.05.06@BR,29349990,,,"FR 2026-14542, U.S. note 50(a)(v)"
9903.05.06@BR,28112250,,,"FR 2026-14542, U.S. note 50(a)(v)"
9903.05.06@BR,29081935,,,"FR 2026-14542, U.S. note 50(a)(v)"
9903.05.06@BR,29182965,,,"FR 2026-14542, U.S. note 50(a)(v)"
9903.05.06@BR,29241100,,,"FR 2026-14542, U.S. note 50(a)(v)"
9903.05.06@BR,29332990,,,"FR 2026-14542, U.S. note 50(a)(v)"
9903.05.06@BR,29355000,,,"FR 2026-14542, U.S. note 50(a)(v)"
9903.05.06@BR,28121200,,,"FR 2026-14542, U.S. note 50(a)(v)"
9903.05.06@BR,29081960,,,"FR 2026-14542, U.S. note 50(a)(v)"
9903.05.06@BR,29182975,,,"FR 2026-14542, U.S. note 50(a)(v)"
9903.05.06@BR,29241200,,,"FR 2026-14542, U.S. note 50(a)(v)"
9903.05.06@BR,29333100,,,"FR 2026-14542, U.S. note 50(a)(v)"
9903.05.06@BR,29359006,,,"FR 2026-14542, U.S. note 50(a)(v)"
9903.05.06@BR,28141000,,,"FR 2026-14542, U.S. note 50(a)(v)"
9903.05.06@BR,29089912,,,"FR 2026-14542, U.S. note 50(a)(v)"
9903.05.06@BR,29183010,,,"FR 2026-14542, U.S. note 50(a)(v)"
9903.05.06@BR,29241911,,,"FR 2026-14542, U.S. note 50(a)(v)"
9903.05.06@BR,29333301,,,"FR 2026-14542, U.S. note 50(a)(v)"
9903.05.06@BR,29359010,,,"FR 2026-14542, U.S. note 50(a)(v)"
9903.05.06@BR,28142000,,,"FR 2026-14542, U.S. note 50(a)(v)"
9903.05.06@BR,29089915,,,"FR 2026-14542, U.S. note 50(a)(v)"
9903.05.06@BR,29183015,,,"FR 2026-14542, U.S. note 50(a)(v)"
9903.05.06@BR,29241980,,,"FR 2026-14542, U.S. note 50(a)(v)"
9903.05.06@BR,29333400,,,"FR 2026-14542, U.S. note 50(a)(v)"
9903.05.06@BR,29359013,,,"FR 2026-14542, U.S. note 50(a)(v)"
9903.05.06@BR,28151100,,,"FR 2026-14542, U.S. note 50(a)(v)"
9903.05.06@BR,29089925,,,"FR 2026-14542, U.S. note 50(a)(v)"
9903.05.06@BR,29183025,,,"FR 2026-14542, U.S. note 50(a)(v)"
9903.05.06@BR,29242116,,,"FR 2026-14542, U.S. note 50(a)(v)"
9903.05.06@BR,29333500,,,"FR 2026-14542, U.S. note 50(a)(v)"
9903.05.06@BR,29359015,,,"FR 2026-14542, U.S. note 50(a)(v)"
9903.05.06@BR,28151200,,,"FR 2026-14542, U.S. note 50(a)(v)"
9903.05.06@BR,29091100,,,"FR 2026-14542, U.S. note 50(a)(v)"
9903.05.06@BR,29183030,,,"FR 2026-14542, U.S. note 50(a)(v)"
9903.05.06@BR,29242120,,,"FR 2026-14542, U.S. note 50(a)(v)"
9903.05.06@BR,29333600,,,"FR 2026-14542, U.S. note 50(a)(v)"
9903.05.06@BR,29359020,,,"FR 2026-14542, U.S. note 50(a)(v)"
9903.05.06@BR,28153000,,,"FR 2026-14542, U.S. note 50(a)(v)"
9903.05.06@BR,29091918,,,"FR 2026-14542, U.S. note 50(a)(v)"
9903.05.06@BR,29183070,,,"FR 2026-14542, U.S. note 50(a)(v)"
9903.05.06@BR,29242145,,,"FR 2026-14542, U.S. note 50(a)(v)"
9903.05.06@BR,29333700,,,"FR 2026-14542, U.S. note 50(a)(v)"
9903.05.06@BR,29359029,,,"FR 2026-14542, U.S. note 50(a)(v)"
9903.05.06@BR,28251000,,,"FR 2026-14542, U.S. note 50(a)(v)"
9903.05.06@BR,29091960,,,"FR 2026-14542, U.S. note 50(a)(v)"
9903.05.06@BR,29183090,,,"FR 2026-14542, U.S. note 50(a)(v)"
9903.05.06@BR,29242150,,,"FR 2026-14542, U.S. note 50(a)(v)"
9903.05.06@BR,29333908,,,"FR 2026-14542, U.S. note 50(a)(v)"
9903.05.06@BR,29359030,,,"FR 2026-14542, U.S. note 50(a)(v)"
9903.05.06@BR,28273965,,,"FR 2026-14542, U.S. note 50(a)(v)"
9903.05.06@BR,29092000,,,"FR 2026-14542, U.S. note 50(a)(v)"
9903.05.06@BR,29189905,,,"FR 2026-14542, U.S. note 50(a)(v)"
9903.05.06@BR,29242370,,,"FR 2026-14542, U.S. note 50(a)(v)"
9903.05.06@BR,29333910,,,"FR 2026-14542, U.S. note 50(a)(v)"
9903.05.06@BR,29359032,,,"FR 2026-14542, U.S. note 50(a)(v)"
9903.05.06@BR,28276020,,,"FR 2026-14542, U.S. note 50(a)(v)"
9903.05.06@BR,29093040,,,"FR 2026-14542, U.S. note 50(a)(v)"
9903.05.06@BR,29189930,,,"FR 2026-14542, U.S. note 50(a)(v)"
9903.05.06@BR,29242375,,,"FR 2026-14542, U.S. note 50(a)(v)"
9903.05.06@BR,29333920,,,"FR 2026-14542, U.S. note 50(a)(v)"
9903.05.06@BR,29359033,,,"FR 2026-14542, U.S. note 50(a)(v)"
9903.05.06@BR,28321000,,,"FR 2026-14542, U.S. note 50(a)(v)"
9903.05.06@BR,29093060,,,"FR 2026-14542, U.S. note 50(a)(v)"
9903.05.06@BR,29189943,,,"FR 2026-14542, U.S. note 50(a)(v)"
9903.05.06@BR,29242400,,,"FR 2026-14542, U.S. note 50(a)(v)"
9903.05.06@BR,29333921,,,"FR 2026-14542, U.S. note 50(a)(v)"
9903.05.06@BR,29359042,,,"FR 2026-14542, U.S. note 50(a)(v)"
9903.05.06@BR,28323010,,,"FR 2026-14542, U.S. note 50(a)(v)"
9903.05.06@BR,29094905,,,"FR 2026-14542, U.S. note 50(a)(v)"
9903.05.06@BR,29189947,,,"FR 2026-14542, U.S. note 50(a)(v)"
9903.05.06@BR,29242500,,,"FR 2026-14542, U.S. note 50(a)(v)"
9903.05.06@BR,29333923,,,"FR 2026-14542, U.S. note 50(a)(v)"
9903.05.06@BR,29359048,,,"FR 2026-14542, U.S. note 50(a)(v)"
9903.05.06@BR,28331150,,,"FR 2026-14542, U.S. note 50(a)(v)"
9903.05.06@BR,29094910,,,"FR 2026-14542, U.S. note 50(a)(v)"
9903.05.06@BR,29189950,,,"FR 2026-14542, U.S. note 50(a)(v)"
9903.05.06@BR,29242901,,,"FR 2026-14542, U.S. note 50(a)(v)"
9903.05.06@BR,29333925,,,"FR 2026-14542, U.S. note 50(a)(v)"
9903.05.06@BR,29359060,,,"FR 2026-14542, U.S. note 50(a)(v)"
9903.05.06@BR,28331900,,,"FR 2026-14542, U.S. note 50(a)(v)"
9903.05.06@BR,29094915,,,"FR 2026-14542, U.S. note 50(a)(v)"
9903.05.06@BR,29191000,,,"FR 2026-14542, U.S. note 50(a)(v)"
9903.05.06@BR,29242903,,,"FR 2026-14542, U.S. note 50(a)(v)"
9903.05.06@BR,29333927,,,"FR 2026-14542, U.S. note 50(a)(v)"
9903.05.06@BR,29359075,,,"FR 2026-14542, U.S. note 50(a)(v)"
9903.05.06@BR,28332200,,,"FR 2026-14542, U.S. note 50(a)(v)"
9903.05.06@BR,29094920,,,"FR 2026-14542, U.S. note 50(a)(v)"
9903.05.06@BR,29199030,,,"FR 2026-14542, U.S. note 50(a)(v)"
9903.05.06@BR,29242905,,,"FR 2026-14542, U.S. note 50(a)(v)"
9903.05.06@BR,29333931,,,"FR 2026-14542, U.S. note 50(a)(v)"
9903.05.06@BR,29359095,,,"FR 2026-14542, U.S. note 50(a)(v)"
9903.05.06@BR,28341010,,,"FR 2026-14542, U.S. note 50(a)(v)"
9903.05.06@BR,29094960,,,"FR 2026-14542, U.S. note 50(a)(v)"
9903.05.06@BR,29199050,,,"FR 2026-14542, U.S. note 50(a)(v)"
9903.05.06@BR,29242910,,,"FR 2026-14542, U.S. note 50(a)(v)"
9903.05.06@BR,29333941,,,"FR 2026-14542, U.S. note 50(a)(v)"
9903.05.06@BR,29381000,,,"FR 2026-14542, U.S. note 50(a)(v)"
9903.05.06@BR,28352200,,,"FR 2026-14542, U.S. note 50(a)(v)"
9903.05.06@BR,29095020,,,"FR 2026-14542, U.S. note 50(a)(v)"
9903.05.06@BR,29201940,,,"FR 2026-14542, U.S. note 50(a)(v)"
9903.05.06@BR,29242923,,,"FR 2026-14542, U.S. note 50(a)(v)"
9903.05.06@BR,29333961,,,"FR 2026-14542, U.S. note 50(a)(v)"
9903.05.06@BR,29389000,,,"FR 2026-14542, U.S. note 50(a)(v)"
9903.05.06@BR,28352400,,,"FR 2026-14542, U.S. note 50(a)(v)"
9903.05.06@BR,29095040,,,"FR 2026-14542, U.S. note 50(a)(v)"
9903.05.06@BR,29201950,,,"FR 2026-14542, U.S. note 50(a)(v)"
9903.05.06@BR,29242926,,,"FR 2026-14542, U.S. note 50(a)(v)"
9903.05.06@BR,29333992,,,"FR 2026-14542, U.S. note 50(a)(v)"
9903.05.06@BR,29394300,,,"FR 2026-14542, U.S. note 50(a)(v)"
9903.05.06@BR,28362000,,,"FR 2026-14542, U.S. note 50(a)(v)"
9903.05.06@BR,29095045,,,"FR 2026-14542, U.S. note 50(a)(v)"
9903.05.06@BR,29202100,,,"FR 2026-14542, U.S. note 50(a)(v)"
9903.05.06@BR,29242928,,,"FR 2026-14542, U.S. note 50(a)(v)"
9903.05.06@BR,29334100,,,"FR 2026-14542, U.S. note 50(a)(v)"
9903.05.06@BR,29395100,,,"FR 2026-14542, U.S. note 50(a)(v)"
9903.05.06@BR,28363000,,,"FR 2026-14542, U.S. note 50(a)(v)"
9903.05.06@BR,29095050,,,"FR 2026-14542, U.S. note 50(a)(v)"
9903.05.06@BR,29202200,,,"FR 2026-14542, U.S. note 50(a)(v)"
9903.05.06@BR,29242933,,,"FR 2026-14542, U.S. note 50(a)(v)"
9903.05.06@BR,29334908,,,"FR 2026-14542, U.S. note 50(a)(v)"
9903.05.06@BR,29396100,,,"FR 2026-14542, U.S. note 50(a)(v)"
9903.05.06@BR,28364020,,,"FR 2026-14542, U.S. note 50(a)(v)"
9903.05.06@BR,29101000,,,"FR 2026-14542, U.S. note 50(a)(v)"
9903.05.06@BR,29202300,,,"FR 2026-14542, U.S. note 50(a)(v)"
9903.05.06@BR,29242957,,,"FR 2026-14542, U.S. note 50(a)(v)"
9903.05.06@BR,29334910,,,"FR 2026-14542, U.S. note 50(a)(v)"
9903.05.06@BR,29398000,,,"FR 2026-14542, U.S. note 50(a)(v)"
9903.05.06@BR,28372051,,,"FR 2026-14542, U.S. note 50(a)(v)"
9903.05.06@BR,29103000,,,"FR 2026-14542, U.S. note 50(a)(v)"
9903.05.06@BR,29202400,,,"FR 2026-14542, U.S. note 50(a)(v)"
9903.05.06@BR,29242962,,,"FR 2026-14542, U.S. note 50(a)(v)"
9903.05.06@BR,29334915,,,"FR 2026-14542, U.S. note 50(a)(v)"
9903.05.06@BR,29400060,,,"FR 2026-14542, U.S. note 50(a)(v)"
9903.05.06@BR,28419040,,,"FR 2026-14542, U.S. note 50(a)(v)"
9903.05.06@BR,29104000,,,"FR 2026-14542, U.S. note 50(a)(v)"
9903.05.06@BR,29202900,,,"FR 2026-14542, U.S. note 50(a)(v)"
9903.05.06@BR,29242965,,,"FR 2026-14542, U.S. note 50(a)(v)"
9903.05.06@BR,29334917,,,"FR 2026-14542, U.S. note 50(a)(v)"
9903.05.06@BR,29420003,,,"FR 2026-14542, U.S. note 50(a)(v)"
9903.05.06@BR,28421000,,,"FR 2026-14542, U.S. note 50(a)(v)"
9903.05.06@BR,29105000,,,"FR 2026-14542, U.S. note 50(a)(v)"
9903.05.06@BR,29203000,,,"FR 2026-14542, U.S. note 50(a)(v)"
9903.05.06@BR,29242971,,,"FR 2026-14542, U.S. note 50(a)(v)"
9903.05.06@BR,29334920,,,"FR 2026-14542, U.S. note 50(a)(v)"
9903.05.06@BR,29420005,,,"FR 2026-14542, U.S. note 50(a)(v)"
9903.05.06@BR,28429090,,,"FR 2026-14542, U.S. note 50(a)(v)"
9903.05.06@BR,29109010,,,"FR 2026-14542, U.S. note 50(a)(v)"
9903.05.06@BR,29209020,,,"FR 2026-14542, U.S. note 50(a)(v)"
9903.05.06@BR,29242977,,,"FR 2026-14542, U.S. note 50(a)(v)"
9903.05.06@BR,29334926,,,"FR 2026-14542, U.S. note 50(a)(v)"
9903.05.06@BR,29420010,,,"FR 2026-14542, U.S. note 50(a)(v)"
9903.05.06@BR,28432901,,,"FR 2026-14542, U.S. note 50(a)(v)"
9903.05.06@BR,29109020,,,"FR 2026-14542, U.S. note 50(a)(v)"
9903.05.06@BR,29209051,,,"FR 2026-14542, U.S. note 50(a)(v)"
9903.05.06@BR,29242980,,,"FR 2026-14542, U.S. note 50(a)(v)"
9903.05.06@BR,29334930,,,"FR 2026-14542, U.S. note 50(a)(v)"
9903.05.06@BR,29420035,,,"FR 2026-14542, U.S. note 50(a)(v)"
9903.05.06@BR,28433000,,,"FR 2026-14542, U.S. note 50(a)(v)"
9903.05.06@BR,29109091,,,"FR 2026-14542, U.S. note 50(a)(v)"
9903.05.06@BR,29211100,,,"FR 2026-14542, U.S. note 50(a)(v)"
9903.05.06@BR,29242995,,,"FR 2026-14542, U.S. note 50(a)(v)"
9903.05.06@BR,29334960,,,"FR 2026-14542, U.S. note 50(a)(v)"
9903.05.06@BR,29420050,,,"FR 2026-14542, U.S. note 50(a)(v)"
9903.05.06@BR,28439000,,,"FR 2026-14542, U.S. note 50(a)(v)"
9903.05.06@BR,29110010,,,"FR 2026-14542, U.S. note 50(a)(v)"
9903.05.06@BR,29211400,,,"FR 2026-14542, U.S. note 50(a)(v)"
9903.05.06@BR,29251200,,,"FR 2026-14542, U.S. note 50(a)(v)"
9903.05.06@BR,29334970,,,"FR 2026-14542, U.S. note 50(a)(v)"
9903.05.06@BR,30033100,,,"FR 2026-14542, U.S. note 50(a)(v)"
9903.05.06@BR,28444100,,,"FR 2026-14542, U.S. note 50(a)(v)"
9903.05.06@BR,29110050,,,"FR 2026-14542, U.S. note 50(a)(v)"
9903.05.06@BR,29211911,,,"FR 2026-14542, U.S. note 50(a)(v)"
9903.05.06@BR,29251942,,,"FR 2026-14542, U.S. note 50(a)(v)"
9903.05.06@BR,29335210,,,"FR 2026-14542, U.S. note 50(a)(v)"
9903.05.06@BR,30034300,,,"FR 2026-14542, U.S. note 50(a)(v)"
9903.05.06@BR,28444200,,,"FR 2026-14542, U.S. note 50(a)(v)"
9903.05.06@BR,29121950,,,"FR 2026-14542, U.S. note 50(a)(v)"
9903.05.06@BR,29211961,,,"FR 2026-14542, U.S. note 50(a)(v)"
9903.05.06@BR,29251991,,,"FR 2026-14542, U.S. note 50(a)(v)"
9903.05.06@BR,29335290,,,"FR 2026-14542, U.S. note 50(a)(v)"
9903.05.06@BR,30036000,,,"FR 2026-14542, U.S. note 50(a)(v)"
9903.05.06@BR,28444300,,,"FR 2026-14542, U.S. note 50(a)(v)"
9903.05.06@BR,29122960,,,"FR 2026-14542, U.S. note 50(a)(v)"
9903.05.06@BR,29212900,,,"FR 2026-14542, U.S. note 50(a)(v)"
9903.05.06@BR,29252100,,,"FR 2026-14542, U.S. note 50(a)(v)"
9903.05.06@BR,29335300,,,"FR 2026-14542, U.S. note 50(a)(v)"
9903.05.06@BR,30044300,,,"FR 2026-14542, U.S. note 50(a)(v)"
9903.05.06@BR,28444400,,,"FR 2026-14542, U.S. note 50(a)(v)"
9903.05.06@BR,29124926,,,"FR 2026-14542, U.S. note 50(a)(v)"
9903.05.06@BR,29213010,,,"FR 2026-14542, U.S. note 50(a)(v)"
9903.05.06@BR,29252910,,,"FR 2026-14542, U.S. note 50(a)(v)"
9903.05.06@BR,29335400,,,"FR 2026-14542, U.S. note 50(a)(v)"
9903.05.06@BR,30067000,,,"FR 2026-14542, U.S. note 50(a)(v)"
9903.05.06@BR,28452000,,,"FR 2026-14542, U.S. note 50(a)(v)"
9903.05.06@BR,29126000,,,"FR 2026-14542, U.S. note 50(a)(v)"
9903.05.06@BR,29213030,,,"FR 2026-14542, U.S. note 50(a)(v)"
9903.05.06@BR,29252918,,,"FR 2026-14542, U.S. note 50(a)(v)"
9903.05.06@BR,29335500,,,"FR 2026-14542, U.S. note 50(a)(v)"
9903.05.06@BR,30069200,,,"FR 2026-14542, U.S. note 50(a)(v)"
9903.05.06@BR,28453000,,,"FR 2026-14542, U.S. note 50(a)(v)"
9903.05.06@BR,29141110,,,"FR 2026-14542, U.S. note 50(a)(v)"
9903.05.06@BR,29213050,,,"FR 2026-14542, U.S. note 50(a)(v)"
9903.05.06@BR,29252920,,,"FR 2026-14542, U.S. note 50(a)(v)"
9903.05.06@BR,29335910,,,"FR 2026-14542, U.S. note 50(a)(v)"
9903.05.06@BR,30069380,,,"FR 2026-14542, U.S. note 50(a)(v)"
9903.05.06@BR,28459001,,,"FR 2026-14542, U.S. note 50(a)(v)"
9903.05.06@BR,29141900,,,"FR 2026-14542, U.S. note 50(a)(v)"
9903.05.06@BR,29214110,,,"FR 2026-14542, U.S. note 50(a)(v)"
9903.05.06@BR,29252960,,,"FR 2026-14542, U.S. note 50(a)(v)"
9903.05.06@BR,29335915,,,"FR 2026-14542, U.S. note 50(a)(v)"
9903.05.06@BR,32030080,,,"FR 2026-14542, U.S. note 50(a)(v)"
9903.05.06@BR,28470000,,,"FR 2026-14542, U.S. note 50(a)(v)"
9903.05.06@BR,29142930,,,"FR 2026-14542, U.S. note 50(a)(v)"
9903.05.06@BR,29214120,,,"FR 2026-14542, U.S. note 50(a)(v)"
9903.05.06@BR,29252970,,,"FR 2026-14542, U.S. note 50(a)(v)"
9903.05.06@BR,29335918,,,"FR 2026-14542, U.S. note 50(a)(v)"
9903.05.06@BR,32041360,,,"FR 2026-14542, U.S. note 50(a)(v)"
9903.05.06@BR,28500050,,,"FR 2026-14542, U.S. note 50(a)(v)"
9903.05.06@BR,29142950,,,"FR 2026-14542, U.S. note 50(a)(v)"
9903.05.06@BR,29214265,,,"FR 2026-14542, U.S. note 50(a)(v)"
9903.05.06@BR,29252990,,,"FR 2026-14542, U.S. note 50(a)(v)"
9903.05.06@BR,29335921,,,"FR 2026-14542, U.S. note 50(a)(v)"
9903.05.06@BR,32041380,,,"FR 2026-14542, U.S. note 50(a)(v)"
9903.05.06@BR,28531000,,,"FR 2026-14542, U.S. note 50(a)(v)"
9903.05.06@BR,29143990,,,"FR 2026-14542, U.S. note 50(a)(v)"
9903.05.06@BR,29214290,,,"FR 2026-14542, U.S. note 50(a)(v)"
9903.05.06@BR,29263010,,,"FR 2026-14542, U.S. note 50(a)(v)"
9903.05.06@BR,29335922,,,"FR 2026-14542, U.S. note 50(a)(v)"
9903.05.06@BR,32041800,,,"FR 2026-14542, U.S. note 50(a)(v)"
9903.05.06@BR,28539050,,,"FR 2026-14542, U.S. note 50(a)(v)"
9903.05.06@BR,29144040,,,"FR 2026-14542, U.S. note 50(a)(v)"
9903.05.06@BR,29214340,,,"FR 2026-14542, U.S. note 50(a)(v)"
9903.05.06@BR,29264000,,,"FR 2026-14542, U.S. note 50(a)(v)"
9903.05.06@BR,29335936,,,"FR 2026-14542, U.S. note 50(a)(v)"
9903.05.06@BR,32049000,,,"FR 2026-14542, U.S. note 50(a)(v)"
9903.05.06@BR,29011040,,,"FR 2026-14542, U.S. note 50(a)(v)"
9903.05.06@BR,29144090,,,"FR 2026-14542, U.S. note 50(a)(v)"
9903.05.06@BR,29214560,,,"FR 2026-14542, U.S. note 50(a)(v)"
9903.05.06@BR,29269014,,,"FR 2026-14542, U.S. note 50(a)(v)"
9903.05.06@BR,29335946,,,"FR 2026-14542, U.S. note 50(a)(v)"
9903.05.06@BR,34013010,,,"FR 2026-14542, U.S. note 50(a)(v)"
9903.05.06@BR,29021900,,,"FR 2026-14542, U.S. note 50(a)(v)"
9903.05.06@BR,29145010,,,"FR 2026-14542, U.S. note 50(a)(v)"
9903.05.06@BR,29214590,,,"FR 2026-14542, U.S. note 50(a)(v)"
9903.05.06@BR,29269043,,,"FR 2026-14542, U.S. note 50(a)(v)"
9903.05.06@BR,29335953,,,"FR 2026-14542, U.S. note 50(a)(v)"
9903.05.06@BR,34024210,,,"FR 2026-14542, U.S. note 50(a)(v)"
9903.05.06@BR,29029030,,,"FR 2026-14542, U.S. note 50(a)(v)"
9903.05.06@BR,29145030,,,"FR 2026-14542, U.S. note 50(a)(v)"
9903.05.06@BR,29214600,,,"FR 2026-14542, U.S. note 50(a)(v)"
9903.05.06@BR,29269048,,,"FR 2026-14542, U.S. note 50(a)(v)"
9903.05.06@BR,29335959,,,"FR 2026-14542, U.S. note 50(a)(v)"
9903.05.06@BR,34024220,,,"FR 2026-14542, U.S. note 50(a)(v)"
9903.05.06@BR,29031200,,,"FR 2026-14542, U.S. note 50(a)(v)"
9903.05.06@BR,29145050,,,"FR 2026-14542, U.S. note 50(a)(v)"
9903.05.06@BR,29214938,,,"FR 2026-14542, U.S. note 50(a)(v)"
9903.05.06@BR,29269050,,,"FR 2026-14542, U.S. note 50(a)(v)"
9903.05.06@BR,29335970,,,"FR 2026-14542, U.S. note 50(a)(v)"
9903.05.06@BR,34024290,,,"FR 2026-14542, U.S. note 50(a)(v)"
9903.05.06@BR,29031300,,,"FR 2026-14542, U.S. note 50(a)(v)"
9903.05.06@BR,29146200,,,"FR 2026-14542, U.S. note 50(a)(v)"
9903.05.06@BR,29214943,,,"FR 2026-14542, U.S. note 50(a)(v)"
9903.05.06@BR,29270040,,,"FR 2026-14542, U.S. note 50(a)(v)"
9903.05.06@BR,29335980,,,"FR 2026-14542, U.S. note 50(a)(v)"
9903.05.06@BR,34025011,,,"FR 2026-14542, U.S. note 50(a)(v)"
9903.05.06@BR,29032200,,,"FR 2026-14542, U.S. note 50(a)(v)"
9903.05.06@BR,29146921,,,"FR 2026-14542, U.S. note 50(a)(v)"
9903.05.06@BR,29214945,,,"FR 2026-14542, U.S. note 50(a)(v)"
9903.05.06@BR,29270050,,,"FR 2026-14542, U.S. note 50(a)(v)"
9903.05.06@BR,29335985,,,"FR 2026-14542, U.S. note 50(a)(v)"
9903.05.06@BR,35079070,,,"FR 2026-14542, U.S. note 50(a)(v)"
9903.05.06@BR,29034110,,,"FR 2026-14542, U.S. note 50(a)(v)"
9903.05.06@BR,29146990,,,"FR 2026-14542, U.S. note 50(a)(v)"
9903.05.06@BR,29214950,,,"FR 2026-14542, U.S. note 50(a)(v)"
9903.05.06@BR,29280010,,,"FR 2026-14542, U.S. note 50(a)(v)"
9903.05.06@BR,29335995,,,"FR 2026-14542, U.S. note 50(a)(v)"
9903.05.06@BR,38021000,,,"FR 2026-14542, U.S. note 50(a)(v)"
9903.05.06@BR,29034210,,,"FR 2026-14542, U.S. note 50(a)(v)"
9903.05.06@BR,29147100,,,"FR 2026-14542, U.S. note 50(a)(v)"
9903.05.06@BR,29215940,,,"FR 2026-14542, U.S. note 50(a)(v)"
9903.05.06@BR,29280015,,,"FR 2026-14542, U.S. note 50(a)(v)"
9903.05.06@BR,29336950,,,"FR 2026-14542, U.S. note 50(a)(v)"
9903.05.06@BR,38085940,,,"FR 2026-14542, U.S. note 50(a)(v)"
9903.05.06@BR,29034310,,,"FR 2026-14542, U.S. note 50(a)(v)"
9903.05.06@BR,29147910,,,"FR 2026-14542, U.S. note 50(a)(v)"
9903.05.06@BR,29215980,,,"FR 2026-14542, U.S. note 50(a)(v)"
9903.05.06@BR,29280025,,,"FR 2026-14542, U.S. note 50(a)(v)"
9903.05.06@BR,29336960,,,"FR 2026-14542, U.S. note 50(a)(v)"
9903.05.06@BR,38085950,,,"FR 2026-14542, U.S. note 50(a)(v)"
9903.05.06@BR,29034410,,,"FR 2026-14542, U.S. note 50(a)(v)"
9903.05.06@BR,29147940,,,"FR 2026-14542, U.S. note 50(a)(v)"
9903.05.06@BR,29221100,,,"FR 2026-14542, U.S. note 50(a)(v)"
9903.05.06@BR,29280030,,,"FR 2026-14542, U.S. note 50(a)(v)"
9903.05.06@BR,29337200,,,"FR 2026-14542, U.S. note 50(a)(v)"
9903.05.06@BR,38086150,,,"FR 2026-14542, U.S. note 50(a)(v)"
9903.05.06@BR,29034510,,,"FR 2026-14542, U.S. note 50(a)(v)"
9903.05.06@BR,29147960,,,"FR 2026-14542, U.S. note 50(a)(v)"
9903.05.06@BR,29221200,,,"FR 2026-14542, U.S. note 50(a)(v)"
9903.05.06@BR,29280050,,,"FR 2026-14542, U.S. note 50(a)(v)"
9903.05.06@BR,29337904,,,"FR 2026-14542, U.S. note 50(a)(v)"
9903.05.06@BR,38089410,,,"FR 2026-14542, U.S. note 50(a)(v)"
9903.05.06@BR,29034610,,,"FR 2026-14542, U.S. note 50(a)(v)"
9903.05.06@BR,29147990,,,"FR 2026-14542, U.S. note 50(a)(v)"
9903.05.06@BR,29221400,,,"FR 2026-14542, U.S. note 50(a)(v)"
9903.05.06@BR,29299005,,,"FR 2026-14542, U.S. note 50(a)(v)"
9903.05.06@BR,29337908,,,"FR 2026-14542, U.S. note 50(a)(v)"
9903.05.06@BR,38089450,,,"FR 2026-14542, U.S. note 50(a)(v)"
9903.05.06@BR,29034710,,,"FR 2026-14542, U.S. note 50(a)(v)"
9903.05.06@BR,29152100,,,"FR 2026-14542, U.S. note 50(a)(v)"
9903.05.06@BR,29221500,,,"FR 2026-14542, U.S. note 50(a)(v)"
9903.05.06@BR,29299015,,,"FR 2026-14542, U.S. note 50(a)(v)"
9903.05.06@BR,29337915,,,"FR 2026-14542, U.S. note 50(a)(v)"
9903.05.06@BR,38123100,,,"FR 2026-14542, U.S. note 50(a)(v)"
9903.05.06@BR,29034800,,,"FR 2026-14542, U.S. note 50(a)(v)"
9903.05.06@BR,29152400,,,"FR 2026-14542, U.S. note 50(a)(v)"
9903.05.06@BR,29221600,,,"FR 2026-14542, U.S. note 50(a)(v)"
9903.05.06@BR,29299020,,,"FR 2026-14542, U.S. note 50(a)(v)"
9903.05.06@BR,29337920,,,"FR 2026-14542, U.S. note 50(a)(v)"
9903.05.06@BR,38151100,,,"FR 2026-14542, U.S. note 50(a)(v)"
9903.05.06@BR,29034900,,,"FR 2026-14542, U.S. note 50(a)(v)"
9903.05.06@BR,29152950,,,"FR 2026-14542, U.S. note 50(a)(v)"
9903.05.06@BR,29221700,,,"FR 2026-14542, U.S. note 50(a)(v)"
9903.05.06@BR,29299050,,,"FR 2026-14542, U.S. note 50(a)(v)"
9903.05.06@BR,29337930,,,"FR 2026-14542, U.S. note 50(a)(v)"
9903.05.06@BR,38151200,,,"FR 2026-14542, U.S. note 50(a)(v)"
9903.05.06@BR,29035110,,,"FR 2026-14542, U.S. note 50(a)(v)"
9903.05.06@BR,29153200,,,"FR 2026-14542, U.S. note 50(a)(v)"
9903.05.06@BR,29221800,,,"FR 2026-14542, U.S. note 50(a)(v)"
9903.05.06@BR,29301001,,,"FR 2026-14542, U.S. note 50(a)(v)"
9903.05.06@BR,29337940,,,"FR 2026-14542, U.S. note 50(a)(v)"
9903.05.06@BR,38159050,,,"FR 2026-14542, U.S. note 50(a)(v)"
9903.05.06@BR,29035910,,,"FR 2026-14542, U.S. note 50(a)(v)"
9903.05.06@BR,29153600,,,"FR 2026-14542, U.S. note 50(a)(v)"
9903.05.06@BR,29221909,,,"FR 2026-14542, U.S. note 50(a)(v)"
9903.05.06@BR,29302020,,,"FR 2026-14542, U.S. note 50(a)(v)"
9903.05.06@BR,29337985,,,"FR 2026-14542, U.S. note 50(a)(v)"
9903.05.06@BR,38248100,,,"FR 2026-14542, U.S. note 50(a)(v)"
9903.05.06@BR,29035990,,,"FR 2026-14542, U.S. note 50(a)(v)"
9903.05.06@BR,29153910,,,"FR 2026-14542, U.S. note 50(a)(v)"
9903.05.06@BR,29221920,,,"FR 2026-14542, U.S. note 50(a)(v)"
9903.05.06@BR,29302090,,,"FR 2026-14542, U.S. note 50(a)(v)"
9903.05.06@BR,29339100,,,"FR 2026-14542, U.S. note 50(a)(v)"
9903.05.06@BR,38248210,,,"FR 2026-14542, U.S. note 50(a)(v)"
9903.05.06@BR,29036910,,,"FR 2026-14542, U.S. note 50(a)(v)"
9903.05.06@BR,29153931,,,"FR 2026-14542, U.S. note 50(a)(v)"
9903.05.06@BR,29221933,,,"FR 2026-14542, U.S. note 50(a)(v)"
9903.05.06@BR,29303060,,,"FR 2026-14542, U.S. note 50(a)(v)"
9903.05.06@BR,29339901,,,"FR 2026-14542, U.S. note 50(a)(v)"
9903.05.06@BR,38248290,,,"FR 2026-14542, U.S. note 50(a)(v)"
9903.05.06@BR,29036990,,,"FR 2026-14542, U.S. note 50(a)(v)"
9903.05.06@BR,29153935,,,"FR 2026-14542, U.S. note 50(a)(v)"
9903.05.06@BR,29221960,,,"FR 2026-14542, U.S. note 50(a)(v)"
9903.05.06@BR,29304000,,,"FR 2026-14542, U.S. note 50(a)(v)"
9903.05.06@BR,29339902,,,"FR 2026-14542, U.S. note 50(a)(v)"
9903.05.06@BR,38248300,,,"FR 2026-14542, U.S. note 50(a)(v)"
9903.05.06@BR,29037101,,,"FR 2026-14542, U.S. note 50(a)(v)"
9903.05.06@BR,29153940,,,"FR 2026-14542, U.S. note 50(a)(v)"
9903.05.06@BR,29221970,,,"FR 2026-14542, U.S. note 50(a)(v)"
9903.05.06@BR,29306000,,,"FR 2026-14542, U.S. note 50(a)(v)"
9903.05.06@BR,29339905,,,"FR 2026-14542, U.S. note 50(a)(v)"
9903.05.06@BR,38248400,,,"FR 2026-14542, U.S. note 50(a)(v)"
9903.05.06@BR,29037700,,,"FR 2026-14542, U.S. note 50(a)(v)"
9903.05.06@BR,29153945,,,"FR 2026-14542, U.S. note 50(a)(v)"
9903.05.06@BR,29221990,,,"FR 2026-14542, U.S. note 50(a)(v)"
9903.05.06@BR,29307000,,,"FR 2026-14542, U.S. note 50(a)(v)"
9903.05.06@BR,29339906,,,"FR 2026-14542, U.S. note 50(a)(v)"
9903.05.06@BR,38248500,,,"FR 2026-14542, U.S. note 50(a)(v)"
9903.05.06@BR,29037800,,,"FR 2026-14542, U.S. note 50(a)(v)"
9903.05.06@BR,29153947,,,"FR 2026-14542, U.S. note 50(a)(v)"
9903.05.06@BR,29221996,,,"FR 2026-14542, U.S. note 50(a)(v)"
9903.05.06@BR,29309029,,,"FR 2026-14542, U.S. note 50(a)(v)"
9903.05.06@BR,29339908,,,"FR 2026-14542, U.S. note 50(a)(v)"
9903.05.06@BR,38248600,,,"FR 2026-14542, U.S. note 50(a)(v)"
9903.05.06@BR,29037990,,,"FR 2026-14542, U.S. note 50(a)(v)"
9903.05.06@BR,29153970,,,"FR 2026-14542, U.S. note 50(a)(v)"
9903.05.06@BR,29222110,,,"FR 2026-14542, U.S. note 50(a)(v)"
9903.05.06@BR,29309049,,,"FR 2026-14542, U.S. note 50(a)(v)"
9903.05.06@BR,29339911,,,"FR 2026-14542, U.S. note 50(a)(v)"
9903.05.06@BR,38248700,,,"FR 2026-14542, U.S. note 50(a)(v)"
9903.05.06@BR,29038100,,,"FR 2026-14542, U.S. note 50(a)(v)"
9903.05.06@BR,29153990,,,"FR 2026-14542, U.S. note 50(a)(v)"
9903.05.06@BR,29222125,,,"FR 2026-14542, U.S. note 50(a)(v)"
9903.05.06@BR,29309092,,,"FR 2026-14542, U.S. note 50(a)(v)"
9903.05.06@BR,29339912,,,"FR 2026-14542, U.S. note 50(a)(v)"
9903.05.06@BR,38248800,,,"FR 2026-14542, U.S. note 50(a)(v)"
9903.05.06@BR,29038915,,,"FR 2026-14542, U.S. note 50(a)(v)"
9903.05.06@BR,29154010,,,"FR 2026-14542, U.S. note 50(a)(v)"
9903.05.06@BR,29222140,,,"FR 2026-14542, U.S. note 50(a)(v)"
9903.05.06@BR,29314100,,,"FR 2026-14542, U.S. note 50(a)(v)"
9903.05.06@BR,29339914,,,"FR 2026-14542, U.S. note 50(a)(v)"
9903.05.06@BR,38248900,,,"FR 2026-14542, U.S. note 50(a)(v)"
9903.05.06@BR,29038920,,,"FR 2026-14542, U.S. note 50(a)(v)"
9903.05.06@BR,29154020,,,"FR 2026-14542, U.S. note 50(a)(v)"
9903.05.06@BR,29222150,,,"FR 2026-14542, U.S. note 50(a)(v)"
9903.05.06@BR,29314200,,,"FR 2026-14542, U.S. note 50(a)(v)"
9903.05.06@BR,29339916,,,"FR 2026-14542, U.S. note 50(a)(v)"
9903.05.06@BR,38249100,,,"FR 2026-14542, U.S. note 50(a)(v)"
9903.05.06@BR,29038970,,,"FR 2026-14542, U.S. note 50(a)(v)"
9903.05.06@BR,29154030,,,"FR 2026-14542, U.S. note 50(a)(v)"
9903.05.06@BR,29222903,,,"FR 2026-14542, U.S. note 50(a)(v)"
9903.05.06@BR,29314300,,,"FR 2026-14542, U.S. note 50(a)(v)"
9903.05.06@BR,29339917,,,"FR 2026-14542, U.S. note 50(a)(v)"
9903.05.06@BR,38249200,,,"FR 2026-14542, U.S. note 50(a)(v)"
9903.05.06@BR,29039200,,,"FR 2026-14542, U.S. note 50(a)(v)"
9903.05.06@BR,29154050,,,"FR 2026-14542, U.S. note 50(a)(v)"
9903.05.06@BR,29222906,,,"FR 2026-14542, U.S. note 50(a)(v)"
9903.05.06@BR,29314400,,,"FR 2026-14542, U.S. note 50(a)(v)"
9903.05.06@BR,29339922,,,"FR 2026-14542, U.S. note 50(a)(v)"
9903.05.06@BR,38249925,,,"FR 2026-14542, U.S. note 50(a)(v)"
9903.05.06@BR,29039300,,,"FR 2026-14542, U.S. note 50(a)(v)"
9903.05.06@BR,29155020,,,"FR 2026-14542, U.S. note 50(a)(v)"
9903.05.06@BR,29222908,,,"FR 2026-14542, U.S. note 50(a)(v)"
9903.05.06@BR,29314500,,,"FR 2026-14542, U.S. note 50(a)(v)"
9903.05.06@BR,29339924,,,"FR 2026-14542, U.S. note 50(a)(v)"
9903.05.06@BR,38249929,,,"FR 2026-14542, U.S. note 50(a)(v)"
9903.05.06@BR,29039400,,,"FR 2026-14542, U.S. note 50(a)(v)"
9903.05.06@BR,29159010,,,"FR 2026-14542, U.S. note 50(a)(v)"
9903.05.06@BR,29222910,,,"FR 2026-14542, U.S. note 50(a)(v)"
9903.05.06@BR,29314600,,,"FR 2026-14542, U.S. note 50(a)(v)"
9903.05.06@BR,29339926,,,"FR 2026-14542, U.S. note 50(a)(v)"
9903.05.06@BR,38249949,,,"FR 2026-14542, U.S. note 50(a)(v)"
9903.05.06@BR,29039920,,,"FR 2026-14542, U.S. note 50(a)(v)"
9903.05.06@BR,29159014,,,"FR 2026-14542, U.S. note 50(a)(v)"
9903.05.06@BR,29222913,,,"FR 2026-14542, U.S. note 50(a)(v)"
9903.05.06@BR,29314700,,,"FR 2026-14542, U.S. note 50(a)(v)"
9903.05.06@BR,29339942,,,"FR 2026-14542, U.S. note 50(a)(v)"
9903.05.06@BR,38249950,,,"FR 2026-14542, U.S. note 50(a)(v)"
9903.05.06@BR,29039980,,,"FR 2026-14542, U.S. note 50(a)(v)"
9903.05.06@BR,29159018,,,"FR 2026-14542, U.S. note 50(a)(v)"
9903.05.06@BR,29222915,,,"FR 2026-14542, U.S. note 50(a)(v)"
9903.05.06@BR,29314800,,,"FR 2026-14542, U.S. note 50(a)(v)"
9903.05.06@BR,29339946,,,"FR 2026-14542, U.S. note 50(a)(v)"
9903.05.06@BR,38249955,,,"FR 2026-14542, U.S. note 50(a)(v)"
9903.05.06@BR,29041032,,,"FR 2026-14542, U.S. note 50(a)(v)"
9903.05.06@BR,29159020,,,"FR 2026-14542, U.S. note 50(a)(v)"
9903.05.06@BR,29222920,,,"FR 2026-14542, U.S. note 50(a)(v)"
9903.05.06@BR,29314900,,,"FR 2026-14542, U.S. note 50(a)(v)"
9903.05.06@BR,29339951,,,"FR 2026-14542, U.S. note 50(a)(v)"
9903.05.06@BR,38249993,,,"FR 2026-14542, U.S. note 50(a)(v)"
9903.05.06@BR,29041050,,,"FR 2026-14542, U.S. note 50(a)(v)"
9903.05.06@BR,29159050,,,"FR 2026-14542, U.S. note 50(a)(v)"
9903.05.06@BR,29222926,,,"FR 2026-14542, U.S. note 50(a)(v)"
9903.05.06@BR,29315100,,,"FR 2026-14542, U.S. note 50(a)(v)"
9903.05.06@BR,29339953,,,"FR 2026-14542, U.S. note 50(a)(v)"
9903.05.06@BR,38260030,,,"FR 2026-14542, U.S. note 50(a)(v)"
9903.05.06@BR,29042010,,,"FR 2026-14542, U.S. note 50(a)(v)"
9903.05.06@BR,29161600,,,"FR 2026-14542, U.S. note 50(a)(v)"
9903.05.06@BR,29222927,,,"FR 2026-14542, U.S. note 50(a)(v)"
9903.05.06@BR,29315200,,,"FR 2026-14542, U.S. note 50(a)(v)"
9903.05.06@BR,29339955,,,"FR 2026-14542, U.S. note 50(a)(v)"
9903.05.06@BR,38271300,,,"FR 2026-14542, U.S. note 50(a)(v)"
9903.05.06@BR,29042015,,,"FR 2026-14542, U.S. note 50(a)(v)"
9903.05.06@BR,29161930,,,"FR 2026-14542, U.S. note 50(a)(v)"
9903.05.06@BR,29222929,,,"FR 2026-14542, U.S. note 50(a)(v)"
9903.05.06@BR,29315300,,,"FR 2026-14542, U.S. note 50(a)(v)"
9903.05.06@BR,29339958,,,"FR 2026-14542, U.S. note 50(a)(v)"
9903.05.06@BR,38271400,,,"FR 2026-14542, U.S. note 50(a)(v)"
9903.05.06@BR,29042020,,,"FR 2026-14542, U.S. note 50(a)(v)"
9903.05.06@BR,29161950,,,"FR 2026-14542, U.S. note 50(a)(v)"
9903.05.06@BR,29222961,,,"FR 2026-14542, U.S. note 50(a)(v)"
9903.05.06@BR,29315400,,,"FR 2026-14542, U.S. note 50(a)(v)"
9903.05.06@BR,29339961,,,"FR 2026-14542, U.S. note 50(a)(v)"
9903.05.06@BR,38274000,,,"FR 2026-14542, U.S. note 50(a)(v)"
9903.05.06@BR,29042030,,,"FR 2026-14542, U.S. note 50(a)(v)"
9903.05.06@BR,29162050,,,"FR 2026-14542, U.S. note 50(a)(v)"
9903.05.06@BR,29222981,,,"FR 2026-14542, U.S. note 50(a)(v)"
9903.05.06@BR,29315900,,,"FR 2026-14542, U.S. note 50(a)(v)"
9903.05.06@BR,29339965,,,"FR 2026-14542, U.S. note 50(a)(v)"
9903.05.06@BR,39019090,,,"FR 2026-14542, U.S. note 50(a)(v)"
9903.05.06@BR,29042035,,,"FR 2026-14542, U.S. note 50(a)(v)"
9903.05.06@BR,29163130,,,"FR 2026-14542, U.S. note 50(a)(v)"
9903.05.06@BR,29223100,,,"FR 2026-14542, U.S. note 50(a)(v)"
9903.05.06@BR,29319022,,,"FR 2026-14542, U.S. note 50(a)(v)"
9903.05.06@BR,29339970,,,"FR 2026-14542, U.S. note 50(a)(v)"
9903.05.06@BR,39029000,,,"FR 2026-14542, U.S. note 50(a)(v)"
9903.05.06@BR,29042040,,,"FR 2026-14542, U.S. note 50(a)(v)"
9903.05.06@BR,29163150,,,"FR 2026-14542, U.S. note 50(a)(v)"
9903.05.06@BR,29223905,,,"FR 2026-14542, U.S. note 50(a)(v)"
9903.05.06@BR,29319030,,,"FR 2026-14542, U.S. note 50(a)(v)"
9903.05.06@BR,29339975,,,"FR 2026-14542, U.S. note 50(a)(v)"
9903.05.06@BR,39046100,,,"FR 2026-14542, U.S. note 50(a)(v)"
9903.05.06@BR,29042045,,,"FR 2026-14542, U.S. note 50(a)(v)"
9903.05.06@BR,29163915,,,"FR 2026-14542, U.S. note 50(a)(v)"
9903.05.06@BR,29223910,,,"FR 2026-14542, U.S. note 50(a)(v)"
9903.05.06@BR,29319060,,,"FR 2026-14542, U.S. note 50(a)(v)"
9903.05.06@BR,29339979,,,"FR 2026-14542, U.S. note 50(a)(v)"
9903.05.06@BR,39059110,,,"FR 2026-14542, U.S. note 50(a)(v)"
9903.05.06@BR,29042050,,,"FR 2026-14542, U.S. note 50(a)(v)"
9903.05.06@BR,29163917,,,"FR 2026-14542, U.S. note 50(a)(v)"
9903.05.06@BR,29223914,,,"FR 2026-14542, U.S. note 50(a)(v)"
9903.05.06@BR,29319090,,,"FR 2026-14542, U.S. note 50(a)(v)"
9903.05.06@BR,29339982,,,"FR 2026-14542, U.S. note 50(a)(v)"
9903.05.06@BR,39059150,,,"FR 2026-14542, U.S. note 50(a)(v)"
9903.05.06@BR,29049904,,,"FR 2026-14542, U.S. note 50(a)(v)"
9903.05.06@BR,29163946,,,"FR 2026-14542, U.S. note 50(a)(v)"
9903.05.06@BR,29223917,,,"FR 2026-14542, U.S. note 50(a)(v)"
9903.05.06@BR,29321100,,,"FR 2026-14542, U.S. note 50(a)(v)"
9903.05.06@BR,29339985,,,"FR 2026-14542, U.S. note 50(a)(v)"
9903.05.06@BR,39059980,,,"FR 2026-14542, U.S. note 50(a)(v)"
9903.05.06@BR,29049908,,,"FR 2026-14542, U.S. note 50(a)(v)"
9903.05.06@BR,29163979,,,"FR 2026-14542, U.S. note 50(a)(v)"
9903.05.06@BR,29223925,,,"FR 2026-14542, U.S. note 50(a)(v)"
9903.05.06@BR,29321400,,,"FR 2026-14542, U.S. note 50(a)(v)"
9903.05.06@BR,29339989,,,"FR 2026-14542, U.S. note 50(a)(v)"
9903.05.06@BR,39069050,,,"FR 2026-14542, U.S. note 50(a)(v)"
9903.05.06@BR,29049915,,,"FR 2026-14542, U.S. note 50(a)(v)"
9903.05.06@BR,29171300,,,"FR 2026-14542, U.S. note 50(a)(v)"
9903.05.06@BR,29223945,,,"FR 2026-14542, U.S. note 50(a)(v)"
9903.05.06@BR,29321910,,,"FR 2026-14542, U.S. note 50(a)(v)"
9903.05.06@BR,29339990,,,"FR 2026-14542, U.S. note 50(a)(v)"
9903.05.06@BR,39071000,,,"FR 2026-14542, U.S. note 50(a)(v)"
9903.05.06@BR,29049920,,,"FR 2026-14542, U.S. note 50(a)(v)"
9903.05.06@BR,29171910,,,"FR 2026-14542, U.S. note 50(a)(v)"
9903.05.06@BR,29223950,,,"FR 2026-14542, U.S. note 50(a)(v)"
9903.05.06@BR,29321951,,,"FR 2026-14542, U.S. note 50(a)(v)"
9903.05.06@BR,29339997,,,"FR 2026-14542, U.S. note 50(a)(v)"
9903.05.06@BR,39072100,,,"FR 2026-14542, U.S. note 50(a)(v)"
9903.05.06@BR,29049930,,,"FR 2026-14542, U.S. note 50(a)(v)"
9903.05.06@BR,29171915,,,"FR 2026-14542, U.S. note 50(a)(v)"
9903.05.06@BR,29224100,,,"FR 2026-14542, U.S. note 50(a)(v)"
9903.05.06@BR,29322005,,,"FR 2026-14542, U.S. note 50(a)(v)"
9903.05.06@BR,29341010,,,"FR 2026-14542, U.S. note 50(a)(v)"
9903.05.06@BR,39072900,,,"FR 2026-14542, U.S. note 50(a)(v)"
9903.05.06@BR,29049935,,,"FR 2026-14542, U.S. note 50(a)(v)"
9903.05.06@BR,29171917,,,"FR 2026-14542, U.S. note 50(a)(v)"
9903.05.06@BR,29224210,,,"FR 2026-14542, U.S. note 50(a)(v)"
9903.05.06@BR,29322020,,,"FR 2026-14542, U.S. note 50(a)(v)"
9903.05.06@BR,29341020,,,"FR 2026-14542, U.S. note 50(a)(v)"
9903.05.06@BR,39073000,,,"FR 2026-14542, U.S. note 50(a)(v)"
9903.05.06@BR,29049940,,,"FR 2026-14542, U.S. note 50(a)(v)"
9903.05.06@BR,29171920,,,"FR 2026-14542, U.S. note 50(a)(v)"
9903.05.06@BR,29224250,,,"FR 2026-14542, U.S. note 50(a)(v)"
9903.05.06@BR,29322025,,,"FR 2026-14542, U.S. note 50(a)(v)"
9903.05.06@BR,29341070,,,"FR 2026-14542, U.S. note 50(a)(v)"
9903.05.06@BR,39076100,,,"FR 2026-14542, U.S. note 50(a)(v)"
9903.05.06@BR,29049947,,,"FR 2026-14542, U.S. note 50(a)(v)"
9903.05.06@BR,29171923,,,"FR 2026-14542, U.S. note 50(a)(v)"
9903.05.06@BR,29224310,,,"FR 2026-14542, U.S. note 50(a)(v)"
9903.05.06@BR,29322030,,,"FR 2026-14542, U.S. note 50(a)(v)"
9903.05.06@BR,29341090,,,"FR 2026-14542, U.S. note 50(a)(v)"
9903.05.06@BR,39076900,,,"FR 2026-14542, U.S. note 50(a)(v)"
9903.05.06@BR,29049950,,,"FR 2026-14542, U.S. note 50(a)(v)"
9903.05.06@BR,29171927,,,"FR 2026-14542, U.S. note 50(a)(v)"
9903.05.06@BR,29224350,,,"FR 2026-14542, U.S. note 50(a)(v)"
9903.05.06@BR,29322045,,,"FR 2026-14542, U.S. note 50(a)(v)"
9903.05.06@BR,29342040,,,"FR 2026-14542, U.S. note 50(a)(v)"
9903.05.06@BR,39077000,,,"FR 2026-14542, U.S. note 50(a)(v)"
9903.05.06@BR,29051120,,,"FR 2026-14542, U.S. note 50(a)(v)"
9903.05.06@BR,29171930,,,"FR 2026-14542, U.S. note 50(a)(v)"
9903.05.06@BR,29224400,,,"FR 2026-14542, U.S. note 50(a)(v)"
9903.05.06@BR,29322050,,,"FR 2026-14542, U.S. note 50(a)(v)"
9903.05.06@BR,29342080,,,"FR 2026-14542, U.S. note 50(a)(v)"
9903.05.06@BR,39079950,,,"FR 2026-14542, U.S. note 50(a)(v)"
9903.05.06@BR,29051200,,,"FR 2026-14542, U.S. note 50(a)(v)"
9903.05.06@BR,29171935,,,"FR 2026-14542, U.S. note 50(a)(v)"
9903.05.06@BR,29224905,,,"FR 2026-14542, U.S. note 50(a)(v)"
9903.05.06@BR,29329500,,,"FR 2026-14542, U.S. note 50(a)(v)"
9903.05.06@BR,29343018,,,"FR 2026-14542, U.S. note 50(a)(v)"
9903.05.06@BR,39081000,,,"FR 2026-14542, U.S. note 50(a)(v)"
9903.05.06@BR,29051300,,,"FR 2026-14542, U.S. note 50(a)(v)"
9903.05.06@BR,29171940,,,"FR 2026-14542, U.S. note 50(a)(v)"
9903.05.06@BR,29224910,,,"FR 2026-14542, U.S. note 50(a)(v)"
9903.05.06@BR,29329904,,,"FR 2026-14542, U.S. note 50(a)(v)"
9903.05.06@BR,29343023,,,"FR 2026-14542, U.S. note 50(a)(v)"
9903.05.06@BR,39089020,,,"FR 2026-14542, U.S. note 50(a)(v)"
9903.05.06@BR,29051910,,,"FR 2026-14542, U.S. note 50(a)(v)"
9903.05.06@BR,29171970,,,"FR 2026-14542, U.S. note 50(a)(v)"
9903.05.06@BR,29224926,,,"FR 2026-14542, U.S. note 50(a)(v)"
9903.05.06@BR,29329908,,,"FR 2026-14542, U.S. note 50(a)(v)"
9903.05.06@BR,29343027,,,"FR 2026-14542, U.S. note 50(a)(v)"
9903.05.06@BR,39091000,,,"FR 2026-14542, U.S. note 50(a)(v)"
9903.05.06@BR,29051990,,,"FR 2026-14542, U.S. note 50(a)(v)"
9903.05.06@BR,29172000,,,"FR 2026-14542, U.S. note 50(a)(v)"
9903.05.06@BR,29224930,,,"FR 2026-14542, U.S. note 50(a)(v)"
9903.05.06@BR,29329921,,,"FR 2026-14542, U.S. note 50(a)(v)"
9903.05.06@BR,29343043,,,"FR 2026-14542, U.S. note 50(a)(v)"
9903.05.06@BR,39094000,,,"FR 2026-14542, U.S. note 50(a)(v)"
9903.05.06@BR,29052210,,,"FR 2026-14542, U.S. note 50(a)(v)"
9903.05.06@BR,29173401,,,"FR 2026-14542, U.S. note 50(a)(v)"
9903.05.06@BR,29224937,,,"FR 2026-14542, U.S. note 50(a)(v)"
9903.05.06@BR,29329932,,,"FR 2026-14542, U.S. note 50(a)(v)"
9903.05.06@BR,29343050,,,"FR 2026-14542, U.S. note 50(a)(v)"
9903.05.06@BR,39100000,,,"FR 2026-14542, U.S. note 50(a)(v)"
9903.05.06@BR,29052220,,,"FR 2026-14542, U.S. note 50(a)(v)"
9903.05.06@BR,29173700,,,"FR 2026-14542, U.S. note 50(a)(v)"
9903.05.06@BR,29224943,,,"FR 2026-14542, U.S. note 50(a)(v)"
9903.05.06@BR,29329935,,,"FR 2026-14542, U.S. note 50(a)(v)"
9903.05.06@BR,29349100,,,"FR 2026-14542, U.S. note 50(a)(v)"
9903.05.06@BR,39112000,,,"FR 2026-14542, U.S. note 50(a)(v)"
9903.05.06@BR,29052250,,,"FR 2026-14542, U.S. note 50(a)(v)"
9903.05.06@BR,29173930,,,"FR 2026-14542, U.S. note 50(a)(v)"
9903.05.06@BR,29224949,,,"FR 2026-14542, U.S. note 50(a)(v)"
9903.05.06@BR,29329939,,,"FR 2026-14542, U.S. note 50(a)(v)"
9903.05.06@BR,29349200,,,"FR 2026-14542, U.S. note 50(a)(v)"
9903.05.06@BR,39119025,,,"FR 2026-14542, U.S. note 50(a)(v)"
9903.05.06@BR,29052990,,,"FR 2026-14542, U.S. note 50(a)(v)"
9903.05.06@BR,29181151,,,"FR 2026-14542, U.S. note 50(a)(v)"
9903.05.06@BR,29224960,,,"FR 2026-14542, U.S. note 50(a)(v)"
9903.05.06@BR,29329955,,,"FR 2026-14542, U.S. note 50(a)(v)"
9903.05.06@BR,29349901,,,"FR 2026-14542, U.S. note 50(a)(v)"
9903.05.06@BR,39119045,,,"FR 2026-14542, U.S. note 50(a)(v)"
9903.05.06@BR,29053100,,,"FR 2026-14542, U.S. note 50(a)(v)"
9903.05.06@BR,29181200,,,"FR 2026-14542, U.S. note 50(a)(v)"
9903.05.06@BR,29224980,,,"FR 2026-14542, U.S. note 50(a)(v)"
9903.05.06@BR,29329961,,,"FR 2026-14542, U.S. note 50(a)(v)"
9903.05.06@BR,29349903,,,"FR 2026-14542, U.S. note 50(a)(v)"
9903.05.06@BR,39119091,,,"FR 2026-14542, U.S. note 50(a)(v)"
9903.05.06@BR,29053200,,,"FR 2026-14542, U.S. note 50(a)(v)"
9903.05.06@BR,29181350,,,"FR 2026-14542, U.S. note 50(a)(v)"
9903.05.06@BR,29225007,,,"FR 2026-14542, U.S. note 50(a)(v)"
9903.05.06@BR,29329970,,,"FR 2026-14542, U.S. note 50(a)(v)"
9903.05.06@BR,29349905,,,"FR 2026-14542, U.S. note 50(a)(v)"
9903.05.06@BR,39122000,,,"FR 2026-14542, U.S. note 50(a)(v)"
9903.05.06@BR,29053990,,,"FR 2026-14542, U.S. note 50(a)(v)"
9903.05.06@BR,29181400,,,"FR 2026-14542, U.S. note 50(a)(v)"
9903.05.06@BR,29225010,,,"FR 2026-14542, U.S. note 50(a)(v)"
9903.05.06@BR,29329990,,,"FR 2026-14542, U.S. note 50(a)(v)"
9903.05.06@BR,29349906,,,"FR 2026-14542, U.S. note 50(a)(v)"
9903.05.06@BR,39123100,,,"FR 2026-14542, U.S. note 50(a)(v)"
9903.05.06@BR,29054920,,,"FR 2026-14542, U.S. note 50(a)(v)"
9903.05.06@BR,29181650,,,"FR 2026-14542, U.S. note 50(a)(v)"
9903.05.06@BR,29225011,,,"FR 2026-14542, U.S. note 50(a)(v)"
9903.05.06@BR,29331100,,,"FR 2026-14542, U.S. note 50(a)(v)"
9903.05.06@BR,29349907,,,"FR 2026-14542, U.S. note 50(a)(v)"
9903.05.06@BR,39123900,,,"FR 2026-14542, U.S. note 50(a)(v)"
9903.05.06@BR,29054950,,,"FR 2026-14542, U.S. note 50(a)(v)"
9903.05.06@BR,29181800,,,"FR 2026-14542, U.S. note 50(a)(v)"
9903.05.06@BR,29225013,,,"FR 2026-14542, U.S. note 50(a)(v)"
9903.05.06@BR,29331908,,,"FR 2026-14542, U.S. note 50(a)(v)"
9903.05.06@BR,29349908,,,"FR 2026-14542, U.S. note 50(a)(v)"
9903.05.06@BR,39129000,,,"FR 2026-14542, U.S. note 50(a)(v)"
9903.05.06@BR,29055100,,,"FR 2026-14542, U.S. note 50(a)(v)"
9903.05.06@BR,29181915,,,"FR 2026-14542, U.S. note 50(a)(v)"
9903.05.06@BR,29225014,,,"FR 2026-14542, U.S. note 50(a)(v)"
9903.05.06@BR,29331935,,,"FR 2026-14542, U.S. note 50(a)(v)"
9903.05.06@BR,29349909,,,"FR 2026-14542, U.S. note 50(a)(v)"
9903.05.06@BR,39139020,,,"FR 2026-14542, U.S. note 50(a)(v)"
9903.05.06@BR,29055910,,,"FR 2026-14542, U.S. note 50(a)(v)"
9903.05.06@BR,29181920,,,"FR 2026-14542, U.S. note 50(a)(v)"
9903.05.06@BR,29225017,,,"FR 2026-14542, U.S. note 50(a)(v)"
9903.05.06@BR,29331937,,,"FR 2026-14542, U.S. note 50(a)(v)"
9903.05.06@BR,29349911,,,"FR 2026-14542, U.S. note 50(a)(v)"
9903.05.06@BR,39139050,,,"FR 2026-14542, U.S. note 50(a)(v)"
9903.05.06@BR,29055990,,,"FR 2026-14542, U.S. note 50(a)(v)"
9903.05.06@BR,29181931,,,"FR 2026-14542, U.S. note 50(a)(v)"
9903.05.06@BR,29225019,,,"FR 2026-14542, U.S. note 50(a)(v)"
9903.05.06@BR,29331943,,,"FR 2026-14542, U.S. note 50(a)(v)"
9903.05.06@BR,29349912,,,"FR 2026-14542, U.S. note 50(a)(v)"
9903.05.06@BR,39140020,,,"FR 2026-14542, U.S. note 50(a)(v)"
9903.05.06@BR,29061100,,,"FR 2026-14542, U.S. note 50(a)(v)"
9903.05.06@BR,29181960,,,"FR 2026-14542, U.S. note 50(a)(v)"
9903.05.06@BR,29225025,,,"FR 2026-14542, U.S. note 50(a)(v)"
9903.05.06@BR,29331945,,,"FR 2026-14542, U.S. note 50(a)(v)"
9903.05.06@BR,29349915,,,"FR 2026-14542, U.S. note 50(a)(v)"
9903.05.06@BR,39140060,,,"FR 2026-14542, U.S. note 50(a)(v)"
9903.05.06@BR,29061950,,,"FR 2026-14542, U.S. note 50(a)(v)"
9903.05.06@BR,29181990,,,"FR 2026-14542, U.S. note 50(a)(v)"
9903.05.06@BR,29225035,,,"FR 2026-14542, U.S. note 50(a)(v)"
9903.05.06@BR,29331990,,,"FR 2026-14542, U.S. note 50(a)(v)"
9903.05.06@BR,29349916,,,"FR 2026-14542, U.S. note 50(a)(v)"
9903.05.06@BR,29062960,,,"FR 2026-14542, U.S. note 50(a)(v)"
9903.05.06@BR,29182110,,,"FR 2026-14542, U.S. note 50(a)(v)"
9903.05.06@BR,29225040,,,"FR 2026-14542, U.S. note 50(a)(v)"
9903.05.06@BR,29332100,,,"FR 2026-14542, U.S. note 50(a)(v)"
9903.05.06@BR,29349918,,,"FR 2026-14542, U.S. note 50(a)(v)"
9903.05.06@BR,29071100,,,"FR 2026-14542, U.S. note 50(a)(v)"
9903.05.06@BR,29182210,,,"FR 2026-14542, U.S. note 50(a)(v)"
9903.05.06@BR,29225050,,,"FR 2026-14542, U.S. note 50(a)(v)"
9903.05.06@BR,29332905,,,"FR 2026-14542, U.S. note 50(a)(v)"
9903.05.06@BR,29349920,,,"FR 2026-14542, U.S. note 50(a)(v)"
